Index,Data,Frequency,Real,Imaginary,Abs
0,-1655,0,-1.67007e+06,0,1.67007e+06
1,-1646,32,1505.39,741.684,1678.18
2,-1639,64,2140.34,58.5334,2141.14
3,-1635,96,1009.43,-269.494,1044.79
4,-1633,128,1393.17,845.565,1629.69
5,-1631,160,1510.94,664.596,1650.64
6,-1626,192,1455.73,988.901,1759.85
7,-1621,224,2593,435.739,2629.36
8,-1614,256,2762.69,1416.77,3104.79
9,-1608,288,2845.44,1216.19,3094.45
10,-1601,320,2743.18,1705.79,3230.28
11,-1594,352,3927.1,2714.64,4774.03
12,-1588,384,6388.18,4261.36,7679.06
13,-1585,416,13908.5,11481.5,18035.2
14,-1581,448,-29599,-26175.9,39513
15,-1577,480,-6397.6,-6552.34,9157.65
16,-1574,512,-3672.69,-3817.42,5297.3
17,-1571,544,-2394.14,-2577.55,3517.91
18,-1568,576,-2077.88,-1871.8,2796.65
19,-1567,608,-1523.28,-1714.84,2293.7
20,-1569,640,-1238.43,-1652.64,2065.17
21,-1572,672,-1072.1,-1080.12,1521.86
22,-1580,704,-689.887,-1050.66,1256.91
23,-1588,736,-658.02,-957.838,1162.09
24,-1595,768,-646.589,-832.871,1054.4
25,-1602,800,-490.873,-714.938,867.233
26,-1607,832,-430.778,-743.922,859.645
27,-1611,864,-326.142,-371.479,494.334
28,-1616,896,-486.101,-811.901,946.296
29,-1623,928,-341.555,-790.115,860.78
30,-1631,960,-225.546,-619.665,659.436
31,-1640,992,-221.88,-584.935,625.604
32,-1649,1024,-263.949,-593.236,649.306
33,-1656,1056,-217.764,-540.459,582.681
34,-1665,1088,-176.207,-504.4,534.293
35,-1674,1120,-188.994,-521.289,554.491
36,-1684,1152,-198.16,-509.327,546.517
37,-1695,1184,-166.385,-440.555,470.927
38,-1704,1216,-159.234,-409.375,439.253
39,-1709,1248,-100.801,-368.485,382.024
40,-1713,1280,4.13574,-195.465,195.509
41,-1716,1312,1624.73,3129.35,3525.98
42,-1720,1344,-209,-623.297,657.404
43,-1723,1376,-148.113,-509.045,530.155
44,-1727,1408,-149.15,-444.398,468.759
45,-1734,1440,-132.455,-461.179,479.823
46,-1743,1472,-92.1663,-411.678,421.869
47,-1749,1504,-146.43,-353.253,382.399
48,-1756,1536,-70.8022,-349.238,356.343
49,-1762,1568,-103.594,-395.297,408.646
50,-1767,1600,-65.9595,-320.651,327.365
51,-1769,1632,-92.1726,-305.809,319.397
52,-1771,1664,-111.78,-325.558,344.213
53,-1772,1696,-49.4966,-294.324,298.457
54,-1774,1728,-222.227,-410.436,466.736
55,-1776,1760,527.79,-22.7721,528.281
56,-1778,1792,109.66,-198.537,226.809
57,-1776,1824,28.6307,-263.321,264.873
58,-1772,1856,68.4449,-247.244,256.543
59,-1764,1888,69.1361,-270.13,278.837
60,-1757,1920,11.8871,-227.268,227.579
61,-1750,1952,65.2332,-206.908,216.948
62,-1745,1984,17.6257,-228.673,229.351
63,-1741,2016,51.7126,-187.926,194.912
64,-1733,2048,16.5857,-164.95,165.782
65,-1725,2080,77.9576,-114.053,138.15
66,-1715,2112,183.523,-111.742,214.865
67,-1703,2144,213.632,13.8271,214.079
68,-1692,2176,877.905,512.24,1016.42
69,-1685,2208,-759.566,-766.147,1078.85
70,-1677,2240,-267.993,-414.432,493.532
71,-1669,2272,-102.454,-326.971,342.647
72,-1662,2304,-140.589,-310.241,340.609
73,-1653,2336,-87.2268,-258.825,273.128
74,-1644,2368,-34.9248,-336.054,337.864
75,-1638,2400,-104.919,-275.72,295.008
76,-1634,2432,-64.8329,-206.557,216.493
77,-1632,2464,-50.2329,-192.974,199.405
78,-1631,2496,-66.3865,-202.71,213.304
79,-1628,2528,-60.5386,-144.956,157.089
80,-1622,2560,-36.6356,-174.161,177.973
81,-1616,2592,-155.123,-201.731,254.477
82,-1609,2624,-576.568,18.1841,576.855
83,-1602,2656,73.6367,-256.415,266.779
84,-1595,2688,-90.7527,-291.556,305.354
85,-1590,2720,-42.8271,-258.917,262.435
86,-1584,2752,-4.87671,-234.476,234.527
87,-1580,2784,-13.9144,-176.667,177.214
88,-1577,2816,59.4178,-201.484,210.063
89,-1573,2848,26.1801,-198.423,200.143
90,-1572,2880,-47.4868,-180.947,187.075
91,-1569,2912,39.8992,-144.81,150.206
92,-1568,2944,2.13391,-169.297,169.311
93,-1570,2976,-28.5371,-165.999,168.434
94,-1573,3008,7.72742,-95.1021,95.4155
95,-1580,3040,-80.1155,-136.595,158.356
96,-1588,3072,466.377,-719.76,857.649
97,-1595,3104,127.921,-235.705,268.181
98,-1601,3136,39.5059,-218.078,221.628
99,-1606,3168,50.9885,-213.402,219.409
100,-1610,3200,64.8184,-178.563,189.964
101,-1616,3232,14.1268,-203.849,204.337
102,-1623,3264,22.2031,-196.753,198.002
103,-1631,3296,32.2678,-214.024,216.442
104,-1639,3328,7.22803,-203.683,203.811
105,-1649,3360,52.4506,-189.545,196.668
106,-1657,3392,33.1388,-156.158,159.635
107,-1664,3424,77.2655,-160.998,178.579
108,-1672,3456,43.0502,-184.319,189.279
109,-1681,3488,21.0764,-214.566,215.599
110,-1691,3520,48.6583,-163.148,170.249
111,-1700,3552,69.4026,-155.993,170.735
112,-1705,3584,60.532,-160.018,171.084
113,-1708,3616,20.7179,-169.119,170.384
114,-1710,3648,53.4255,-138.291,148.252
115,-1713,3680,17.3779,-180.965,181.797
116,-1716,3712,37.0477,-181.165,184.914
117,-1720,3744,55.5088,-150.039,159.977
118,-1726,3776,56.9301,-151.506,161.849
119,-1732,3808,-0.27771,-183.026,183.026
120,-1739,3840,2.16138,-170.562,170.576
121,-1745,3872,-19.8708,-229.562,230.42
122,-1750,3904,-1.94421,-263.051,263.058
123,-1755,3936,-250.682,-1077.15,1105.94
124,-1759,3968,145.209,99.009,175.751
125,-1761,4000,72.0302,-6.29712,72.3049
126,-1763,4032,71.3744,-39.5901,81.6191
127,-1765,4064,57.2404,-57.423,81.0793
128,-1767,4096,63.0111,-88.515,108.652
129,-1768,4128,40.7665,-40.349,57.3581
130,-1767,4160,16.8666,-122.279,123.437
131,-1763,4192,50.2836,-45.702,67.9493
132,-1757,4224,13.0044,-145.252,145.833
133,-1749,4256,99.6558,-87.3832,132.541
134,-1741,4288,84.2432,-130.582,155.398
135,-1737,4320,53.9845,-93.5552,108.013
136,-1732,4352,96.4315,-72.0488,120.375
137,-1726,4384,-26.4587,-213.052,214.689
138,-1718,4416,21.2679,-53.623,57.6867
139,-1708,4448,50.2413,-59.5056,77.8788
140,-1697,4480,34.6774,-112.831,118.04
141,-1688,4512,-25.3405,-89.0062,92.5432
142,-1681,4544,35.7035,-128.86,133.715
143,-1673,4576,79.7911,-111.898,137.433
144,-1666,4608,45.9468,-93.932,104.567
145,-1659,4640,42.621,-78.733,89.529
146,-1651,4672,89.7069,-83.8518,122.794
147,-1643,4704,119.021,-55.2894,131.236
148,-1635,4736,115.673,-78.1493,139.598
149,-1630,4768,125.426,-72.1635,144.704
150,-1628,4800,276.594,75.3326,286.669
151,-1627,4832,-276.134,-248.047,371.183
152,-1625,4864,-58.7946,-161.532,171.899
153,-1621,4896,-13.3976,-113.416,114.205
154,-1615,4928,-10.8936,-117.001,117.507
155,-1608,4960,-20.2533,-106.172,108.086
156,-1602,4992,28.999,-118.799,122.287
157,-1595,5024,19.1777,-113.121,114.735
158,-1590,5056,16.7197,-123.896,125.019
159,-1586,5088,28.2092,-104.048,107.805
160,-1582,5120,39.5343,-108.391,115.375
161,-1578,5152,45.9726,-66.8518,81.1335
162,-1575,5184,40.5679,-80.9708,90.5651
163,-1573,5216,8.32898,-105.463,105.791
164,-1571,5248,25.7861,-71.8823,76.3675
165,-1570,5280,39.8368,-97.3594,105.194
166,-1570,5312,41.8118,-95.0139,103.807
167,-1574,5344,56.9504,-101.517,116.4
168,-1581,5376,30.0547,-81.1627,86.5487
169,-1590,5408,30.7997,-95.4357,100.283
170,-1597,5440,32.2209,-78.5055,84.8605
171,-1603,5472,52.0764,-97.1129,110.195
172,-1609,5504,49.6454,-76.1874,90.9351
173,-1614,5536,56.3848,-84.7668,101.807
174,-1620,5568,72.5327,-77.2012,105.929
175,-1627,5600,36.2065,-69.2061,78.105
176,-1634,5632,45.8062,-72.181,85.4887
177,-1643,5664,14.1459,-79.5635,80.8112
178,-1651,5696,-15.7514,-52.392,54.7085
179,-1658,5728,26.1158,-95.1727,98.6908
180,-1667,5760,40.2451,-88.8308,97.5222
181,-1676,5792,68.5208,-89.0059,112.326
182,-1686,5824,28.9499,-87.7924,92.4424
183,-1696,5856,30.7305,-69.4618,75.9559
184,-1706,5888,29.4615,-61.3557,68.0625
185,-1712,5920,33.5348,-63.4697,71.7843
186,-1715,5952,42.6158,-104.596,112.944
187,-1717,5984,40.0102,-86.5896,95.3864
188,-1720,6016,6.88959,-79.5815,79.8792
189,-1723,6048,9.66132,-101.452,101.911
190,-1727,6080,36.9647,-99.127,105.795
191,-1732,6112,2.1347,-102.991,103.013
192,-1740,6144,37.4766,-28.5388,47.1059
193,-1747,6176,63.0122,-95.0483,114.038
194,-1753,6208,38.8265,-56.7526,68.763
195,-1758,6240,25.7181,-83.9502,87.8012
196,-1764,6272,23.9536,-78.1234,81.7132
197,-1768,6304,35.7529,-75.0879,83.1653
198,-1770,6336,37.2802,-54.0969,65.6985
199,-1772,6368,40.8866,-74.2111,84.729
200,-1775,6400,10.068,-53.2347,54.1784
201,-1777,6432,68.4081,-78.2976,103.972
202,-1777,6464,33.0689,-70.2062,77.6045
203,-1775,6496,65.7019,-99.9845,119.64
204,-1770,6528,38.3923,-55.7164,67.663
205,-1763,6560,83.4481,-104.472,133.709
206,-1757,6592,33.8599,-62.8342,71.3767
207,-1751,6624,11.2816,-45.5016,46.8793
208,-1746,6656,61.0419,-68.871,92.029
209,-1742,6688,15.6808,-60.3701,62.3734
210,-1735,6720,47.8969,-50.2391,69.4124
211,-1727,6752,19.8041,-92.636,94.7292
212,-1718,6784,44.0723,-70.2167,82.9021
213,-1706,6816,35.2284,-71.4003,79.6181
214,-1697,6848,38.753,-56.7148,68.6904
215,-1688,6880,30.6462,-46.9662,56.0804
216,-1681,6912,39.1299,-83.7936,92.4798
217,-1673,6944,49.4743,-54.6296,73.7028
218,-1666,6976,31.2459,-63.7534,70.9986
219,-1659,7008,-3.88266,-0.249878,3.89069
220,-1651,7040,23.7384,-46.2347,51.9727
221,-1643,7072,66.8937,-48.9176,82.8716
222,-1638,7104,15.8732,-81.6633,83.1917
223,-1635,7136,59.6438,-76.1478,96.7258
224,-1633,7168,44.8405,-43.0385,62.1529
225,-1631,7200,30.591,-63.8666,70.8149
226,-1625,7232,28.8326,-58.8116,65.4991
227,-1619,7264,36.432,-56.4128,67.1543
228,-1612,7296,39.0675,-63.9558,74.9441
229,-1606,7328,75.4791,-51.1152,91.1585
230,-1599,7360,66.4931,-31.139,73.4233
231,-1594,7392,37.6402,-48.4241,61.3325
232,-1590,7424,-4.83926,-61.349,61.5396
233,-1586,7456,39.9151,-53.5287,66.7723
234,-1584,7488,46.0017,-54.4187,71.2569
235,-1580,7520,18.8019,-54.358,57.5179
236,-1577,7552,48.0824,-37.5844,61.0287
237,-1575,7584,15.601,-56.4048,58.5226
238,-1573,7616,39.7004,-55.1217,67.9303
239,-1574,7648,22.4822,-38.837,44.875
240,-1578,7680,23.9852,-46.1763,52.034
241,-1584,7712,38.5123,-70.7461,80.5494
242,-1592,7744,47.1335,-57.0876,74.0308
243,-1599,7776,9.75366,-79.4584,80.0548
244,-1605,7808,68.3537,-39.6641,79.0283
245,-1610,7840,49.7795,-28.9652,57.5933
246,-1616,7872,21.5433,-13.01,25.1669
247,-1621,7904,67.6439,-56.7101,88.2708
248,-1627,7936,50.5424,-52.3403,72.7602
249,-1634,7968,35.4744,-49.6046,60.984
250,-1643,8000,53.1315,-33.2988,62.7038
251,-1651,8032,46.6095,-48.4735,67.2468
252,-1658,8064,46.9727,-57.0103,73.8688
253,-1665,8096,46.6486,-70.1926,84.2799
254,-1675,8128,57.2484,-51.6183,77.0833
255,-1685,8160,31.8345,-53.5535,62.3009
256,-1695,8192,42.6794,-43.344,60.8296
257,-1704,8224,39.306,-62.363,73.7164
258,-1709,8256,48.9889,-53.1178,72.2593
259,-1712,8288,36.969,-72.8649,81.7068
260,-1714,8320,27.9096,-32.6233,42.9328
261,-1717,8352,58.3746,-26.3538,64.0478
262,-1719,8384,48.4431,-38.621,61.9542
263,-1723,8416,41.7589,-45.5005,61.7584
264,-1729,8448,37.3712,-44.1753,57.8625
265,-1736,8480,28.3136,-29.9729,41.2315
266,-1744,8512,44.4219,-42.5966,61.5449
267,-1751,8544,41.0316,-28.9414,50.2116
268,-1757,8576,30.2618,-42.7441,52.3721
269,-1762,8608,49.5209,-51.0929,71.1534
270,-1765,8640,42.7126,-38.954,57.8081
271,-1767,8672,45.1133,-42.574,62.0303
272,-1769,8704,28.3157,-47.5784,55.3668
273,-1772,8736,66.448,-49.9711,83.1411
274,-1774,8768,40.2906,-43.7167,59.4515
275,-1776,8800,30.0132,-36.2308,47.0475
276,-1776,8832,35.6567,-56.4792,66.793
277,-1772,8864,68.8423,-42.4281,80.8666
278,-1765,8896,53.4273,-34.522,63.6101
279,-1758,8928,36.2556,-47.2517,59.5583
280,-1753,8960,25.1866,-65.2802,69.9704
281,-1748,8992,67.1335,-31.0493,73.9659
282,-1744,9024,29.478,-52.1132,59.8727
283,-1739,9056,32.1749,-32.6666,45.8512
284,-1730,9088,38.8988,-45.8688,60.142
285,-1720,9120,28.6902,-38.9567,48.3813
286,-1709,9152,44.0755,-74.6659,86.7044
287,-1698,9184,26.8712,-41.3022,49.2741
288,-1691,9216,40.7673,-43.7673,59.8126
289,-1685,9248,44.0035,-52.9946,68.8821
290,-1678,9280,37.5244,-18.2389,41.7222
291,-1671,9312,45.1691,-51.7118,68.6612
292,-1663,9344,31.9538,-40.3036,51.4337
293,-1655,9376,58.2441,-52.3207,78.2932
294,-1647,9408,54.8624,-41.8651,69.0114
295,-1642,9440,50.1667,-36.5417,62.0645
296,-1640,9472,46.4727,-41.9126,62.581
297,-1638,9504,43.6111,-35.1448,56.0096
298,-1635,9536,50.2396,-52.0677,72.3537
299,-1630,9568,59.7274,-62.303,86.3077
300,-1624,9600,46.6821,-43.6028,63.8782
301,-1618,9632,59.8715,-67.5101,90.2342
302,-1611,9664,35.0816,-25.1995,43.1941
303,-1604,9696,39.3995,-45.2966,60.0342
304,-1599,9728,39.3505,-31.8944,50.6529
305,-1594,9760,28.3342,-27.2141,39.2866
306,-1589,9792,49.8111,-28.4696,57.373
307,-1584,9824,37.7699,-39.0087,54.2977
308,-1581,9856,50.9776,-23.6194,56.1835
309,-1578,9888,60.6761,-26.3453,66.1489
310,-1576,9920,53.7242,-17.0315,56.3593
311,-1575,9952,16.3105,-25.2426,30.0536
312,-1574,9984,56.1072,-38.4825,68.0362
313,-1577,10016,67.812,-26.8876,72.9479
314,-1584,10048,40.1163,-35.7891,53.7603
315,-1591,10080,26.1353,-29.6545,39.5278
316,-1598,10112,31.4076,-24.5085,39.8385
317,-1605,10144,49.6092,-22.0311,54.2811
318,-1610,10176,27.4021,-31.9338,42.079
319,-1615,10208,32.9539,-37.7092,50.0794
320,-1621,10240,30.4014,-30.3999,42.993
321,-1625,10272,47.8337,-28.3108,55.5838
322,-1633,10304,32.6476,-20.0925,38.335
323,-1641,10336,42.05,-36.2625,55.5263
324,-1649,10368,65.3344,-33.1967,73.2844
325,-1658,10400,39.8449,-40.5112,56.8223
326,-1665,10432,48.3936,-13.9955,50.3767
327,-1673,10464,71.0825,-17.4387,73.1903
328,-1684,10496,52.6792,-52.2515,74.1978
329,-1695,10528,50.0917,-36.1639,61.782
330,-1703,10560,67.8422,-37.5408,77.5363
331,-1711,10592,40.3511,-38.567,55.8178
332,-1715,10624,36.4915,-14.6788,39.3332
333,-1717,10656,35.2651,-28.0369,45.0521
334,-1720,10688,49.4066,-19.6116,53.1566
335,-1722,10720,51.8687,-18.5952,55.1012
336,-1725,10752,67.3024,-24.9066,71.7632
337,-1729,10784,63.7859,-39.2433,74.8911
338,-1736,10816,45.3057,-38.4928,59.45
339,-1742,10848,68.3068,-22.3551,71.8719
340,-1750,10880,54.6318,-41.4983,68.6057
341,-1757,10912,34.3694,-40.6293,53.2165
342,-1762,10944,73.4053,-25.1554,77.596
343,-1766,10976,25.886,-39.3254,47.0805
344,-1769,11008,49.0972,-44.2543,66.0983
345,-1771,11040,43.1096,-25.7294,50.2039
346,-1773,11072,30.6765,-34.9175,46.4788
347,-1774,11104,41.2506,-35.0687,54.1427
348,-1774,11136,55.9706,-17.2463,58.5675
349,-1773,11168,48.7199,-37.3889,61.413
350,-1768,11200,40.2661,-19.6238,44.7934
351,-1760,11232,45.15,-18.2058,48.6824
352,-1752,11264,57.7391,-24.1735,62.5952
353,-1747,11296,36.7584,-45.8766,58.7864
354,-1744,11328,37.3129,-12.3491,39.3033
355,-1740,11360,37.0331,-19.2587,41.7414
356,-1734,11392,57.1498,-37.2917,68.2405
357,-1726,11424,64.3065,-1.77026,64.3309
358,-1715,11456,40.7231,-20.4122,45.5525
359,-1704,11488,45.4001,-43.3632,62.7817
360,-1694,11520,58.7015,-7.62817,59.1951
361,-1686,11552,42.2146,-24.527,48.8226
362,-1680,11584,49.4365,-26.598,56.1376
363,-1672,11616,49.9384,-35.4469,61.2399
364,-1665,11648,41.899,-12.6198,43.7583
365,-1657,11680,47.2904,-13.0764,49.065
366,-1649,11712,31.243,-14.2573,34.3424
367,-1643,11744,40.7719,-14.6514,43.3244
368,-1638,11776,36.6541,-31.3406,48.226
369,-1636,11808,47.8324,-6.43726,48.2636
370,-1634,11840,45.2531,-36.0396,57.8506
371,-1631,11872,43.6372,-15.8867,46.4391
372,-1626,11904,34.7291,-44.7336,56.6322
373,-1620,11936,42.1326,-26.0997,49.5616
374,-1614,11968,61.796,-39.5994,73.3952
375,-1607,12000,45.5244,-18.2218,49.0358
376,-1601,12032,46.5941,-20.1063,50.7472
377,-1596,12064,48.7126,-28.5333,56.4542
378,-1592,12096,31.9719,-21.4135,38.4804
379,-1587,12128,34.4575,-12.4613,36.6416
380,-1583,12160,51.818,-11.3347,53.0432
381,-1580,12192,48.2373,-38.4995,61.7175
382,-1578,12224,59.2006,-14.05,60.845
383,-1576,12256,53.8944,-16.673,56.4145
384,-1575,12288,46.3739,-24.3157,52.3621
385,-1575,12320,49.8469,-24.5715,55.5741
386,-1579,12352,59.9447,-22.3029,63.9592
387,-1586,12384,46.0544,-22.4019,51.2138
388,-1593,12416,30.704,-16.3719,34.7962
389,-1599,12448,41.1656,-28.2987,49.9543
390,-1606,12480,50.4072,-17.4697,53.3487
391,-1610,12512,61.1082,-23.4655,65.4586
392,-1614,12544,46.6838,-19.3961,50.5528
393,-1619,12576,47.5337,-18.2534,50.918
394,-1624,12608,59.4385,-19.8097,62.6527
395,-1631,12640,45.8226,-31.5066,55.6092
396,-1640,12672,49.9623,-25.7338,56.2001
397,-1649,12704,43.2815,-10.8251,44.6147
398,-1656,12736,30.5834,-17.7559,35.364
399,-1664,12768,44.5554,-13.2195,46.4752
400,-1673,12800,43.7665,-18.5436,47.5328
401,-1683,12832,28.9081,-9.91608,30.5615
402,-1693,12864,46.7197,-14.5281,48.9265
403,-1701,12896,53.998,-5.10468,54.2388
404,-1708,12928,62.4518,-11.2298,63.4534
405,-1712,12960,42.9207,-29.3439,51.9928
406,-1713,12992,37.4563,-22.098,43.489
407,-1716,13024,46.5608,-15.9061,49.2027
408,-1717,13056,47.7147,-14.6372,49.9093
409,-1719,13088,40.826,-21.4497,46.1179
410,-1724,13120,41.9625,-13.328,44.0283
411,-1732,13152,45.6953,-11.9626,47.2352
412,-1739,13184,48.1191,-12.7756,49.7862
413,-1745,13216,38.6696,-17.9778,42.6443
414,-1752,13248,47.7471,-14.9214,50.0243
415,-1757,13280,47.7717,-14.9318,50.0509
416,-1761,13312,46.1868,-11.0294,47.4854
417,-1763,13344,43.2201,-11.2783,44.6674
418,-1765,13376,43.5393,-11.859,45.1255
419,-1766,13408,62.7792,-12.5953,64.0302
420,-1768,13440,47.9393,-14.1739,49.9908
421,-1770,13472,53.8661,-16.9333,56.465
422,-1769,13504,53.4491,-21.616,57.6546
423,-1765,13536,48.5525,-1.37177,48.5719
424,-1758,13568,63.3293,-8.99182,63.9645
425,-1750,13600,53.2815,-6.21753,53.643
426,-1744,13632,48.0654,1.43958,48.087
427,-1739,13664,59.4501,-21.1586,63.1031
428,-1735,13696,40.9086,-16.6885,44.1816
429,-1730,13728,53.0797,-11.275,54.264
430,-1722,13760,47.0455,-21.5876,51.762
431,-1712,13792,46.1162,-14.0107,48.1976
432,-1701,13824,49.4456,2.28375,49.4983
433,-1689,13856,41.2384,2.29199,41.302
434,-1682,13888,40.2413,-17.5135,43.8872
435,-1676,13920,35.6309,-14.0509,38.3013
436,-1668,13952,46.6312,-9.27411,47.5445
437,-1660,13984,50.792,-3.38501,50.9047
438,-1652,14016,50.5266,-0.459595,50.5287
439,-1644,14048,43.6534,-12.0737,45.2924
440,-1637,14080,49.4631,-24.6143,55.2491
441,-1631,14112,43.4767,-0.0780029,43.4768
442,-1628,14144,52.5588,-13.2556,54.2046
443,-1627,14176,42.5259,-14.707,44.9972
444,-1624,14208,31.2906,-20.5603,37.441
445,-1620,14240,43.8877,3.16101,44.0014
446,-1614,14272,65.302,-18.4615,67.8615
447,-1606,14304,42.4523,-9.76373,43.5606
448,-1599,14336,52.922,4.72937,53.1329
449,-1593,14368,31.5031,-7.35217,32.3496
450,-1588,14400,45.4978,-0.661377,45.5026
451,-1583,14432,52.1288,-0.124573,52.1289
452,-1579,14464,47.3282,-5.09857,47.6021
453,-1575,14496,39.0551,-12.822,41.106
454,-1572,14528,52.0087,-3.19318,52.1066
455,-1568,14560,49.6309,-5.36157,49.9196
456,-1566,14592,42.1118,-1.26147,42.1307
457,-1563,14624,44.868,-6.10287,45.2812
458,-1563,14656,40.2316,-11.0186,41.7132
459,-1568,14688,45.42,-2.64151,45.4968
460,-1575,14720,54.4865,4.5498,54.6761
461,-1583,14752,41.152,-1.30392,41.1726
462,-1590,14784,37.2023,-2.16611,37.2653
463,-1596,14816,41.2966,-2.88998,41.3976
464,-1602,14848,40.5991,-6.28775,41.0831
465,-1606,14880,54.4988,-4.82236,54.7117
466,-1611,14912,48.1602,-12.6425,49.7919
467,-1618,14944,37.8232,-4.52896,38.0934
468,-1625,14976,41.5876,2.57135,41.6671
469,-1634,15008,55.5029,10.3094,56.4523
470,-1643,15040,52.7946,-1.62167,52.8195
471,-1650,15072,52.5085,-11.2296,53.6959
472,-1658,15104,44.1992,-1.18076,44.215
473,-1666,15136,56.0835,-8.83984,56.7759
474,-1676,15168,37.3154,-2.73029,37.4152
475,-1687,15200,47.1978,-12.4135,48.8029
476,-1696,15232,43.9797,-10.2195,45.1515
477,-1704,15264,47.6458,5.43518,47.9548
478,-1708,15296,44.5074,-13.6441,46.5519
479,-1710,15328,43.4897,-4.65309,43.738
480,-1712,15360,48.9626,-3.77893,49.1083
481,-1717,15392,56.0607,10.8318,57.0975
482,-1720,15424,40.187,7.7334,40.9243
483,-1726,15456,41.5322,-5.71596,41.9237
484,-1733,15488,44.8813,-11.972,46.4507
485,-1741,15520,52.6788,7.29242,53.1812
486,-1747,15552,57.3002,-2.09358,57.3384
487,-1752,15584,49.5082,5.19087,49.7796
488,-1757,15616,57.3488,-14.5307,59.161
489,-1762,15648,63.0637,-1.47091,63.0809
490,-1765,15680,61.6243,-5.43655,61.8636
491,-1767,15712,55.2205,5.25037,55.4695
492,-1769,15744,52.4613,4.26333,52.6343
493,-1771,15776,47.2081,-12.2535,48.7725
494,-1772,15808,47.5654,-8.86597,48.3847
495,-1772,15840,41.048,-8.58067,41.9352
496,-1769,15872,54.9442,3.11976,55.0327
497,-1763,15904,41.4774,4.48478,41.7192
498,-1755,15936,49.7247,5.25346,50.0015
499,-1748,15968,43.9558,-7.5032,44.5916
500,-1743,16000,38,-0.359304,38.0017
501,-1739,16032,42.1823,6.53571,42.6856
502,-1733,16064,47.8741,-3.27411,47.986
503,-1725,16096,41.5876,-6.32555,42.066
504,-1716,16128,55.6738,-3.75269,55.8002
505,-1705,16160,40.7163,9.83571,41.8875
506,-1695,16192,48.0232,10.5532,49.1691
507,-1686,16224,45.0303,11.3684,46.4431
508,-1678,16256,55.4729,-3.27139,55.5693
509,-1671,16288,55.5298,-5.68432,55.82
510,-1665,16320,61.6466,5.28324,61.8726
511,-1657,16352,63.0741,1.27592,63.087
512,-1648,16384,56.9956,14.4708,58.8039
513,-1641,16416,49.9779,-7.09401,50.4789
514,-1635,16448,57.4542,2.10095,57.4926
515,-1631,16480,53.0082,-7.23669,53.4999
516,-1629,16512,42.8944,12.0404,44.5522
517,-1627,16544,39.66,4.86763,39.9576
518,-1623,16576,39.6676,-8.5437,40.5773
519,-1617,16608,56.704,-11.366,57.8319
520,-1611,16640,47.4146,3.68283,47.5574
521,-1606,16672,44.6372,5.18781,44.9377
522,-1599,16704,45.8845,12.506,47.5583
523,-1592,16736,48.1055,-5.31912,48.3986
524,-1587,16768,44.9197,10.4199,46.1124
525,-1583,16800,47.1428,12.4954,48.7707
526,-1580,16832,38.2853,3.01505,38.4038
527,-1577,16864,56.3801,9.41348,57.1606
528,-1574,16896,42.7581,1.89481,42.8
529,-1572,16928,53.6555,10.0267,54.5843
530,-1571,16960,52.4398,1.04047,52.4501
531,-1572,16992,56.1573,-10.4191,57.1157
532,-1574,17024,42.7279,-3.8158,42.8979
533,-1579,17056,36.2064,4.95731,36.5442
534,-1588,17088,48.1473,11.1523,49.4221
535,-1597,17120,55.1017,7.20752,55.5711
536,-1604,17152,40.3291,4.58356,40.5887
537,-1609,17184,39.6039,3.74353,39.7804
538,-1612,17216,36.8792,2.20758,36.9452
539,-1616,17248,41.2999,-0.186584,41.3003
540,-1623,17280,54.8018,-4.33978,54.9733
541,-1630,17312,46.564,0.692841,46.5691
542,-1638,17344,41.2577,9.5881,42.3572
543,-1647,17376,44.4294,6.58673,44.915
544,-1656,17408,42.0596,0.709991,42.0656
545,-1664,17440,50.4722,6.07568,50.8365
546,-1671,17472,50.8912,3.20959,50.9923
547,-1681,17504,38.3569,12.2094,40.2532
548,-1691,17536,48.7278,4.93103,48.9766
549,-1701,17568,52.9335,-0.615356,52.937
550,-1708,17600,46.0226,0.170837,46.0229
551,-1712,17632,33.8958,7.13416,34.6384
552,-1714,17664,52.2369,-3.81085,52.3758
553,-1717,17696,40.7133,8.52441,41.5961
554,-1720,17728,54.4285,11.2134,55.5716
555,-1723,17760,41.7065,-1.84375,41.7473
556,-1728,17792,30.7264,20.033,36.6802
557,-1734,17824,40.2434,19.8737,44.8831
558,-1741,17856,48.0223,25.9327,54.577
559,-1749,17888,44.3755,0.0921631,44.3756
560,-1755,17920,48.9412,24.5786,54.7663
561,-1759,17952,43.6042,14.3672,45.9102
562,-1762,17984,49.9438,1.45282,49.965
563,-1765,18016,50.4756,3.14935,50.5737
564,-1767,18048,46.2883,7.45605,46.885
565,-1769,18080,36.9276,14.6716,39.7354
566,-1772,18112,38.6617,18.8547,43.0143
567,-1774,18144,40.7229,-1.16058,40.7394
568,-1773,18176,48.4701,-3.09387,48.5687
569,-1770,18208,45.3771,15.2677,47.8767
570,-1763,18240,46.6356,20.4346,50.9162
571,-1754,18272,53.4387,3.47797,53.5518
572,-1748,18304,41.4915,17.0156,44.845
573,-1743,18336,59.8962,21.0859,63.4994
574,-1739,18368,43.7314,-1.50977,43.7575
575,-1734,18400,51.6272,7.16022,52.1214
576,-1726,18432,70.3755,3.4209,70.4586
577,-1716,18464,47.6979,1.0072,47.7085
578,-1704,18496,54.6542,21.5369,58.7445
579,-1693,18528,53.4086,17.2244,56.1173
580,-1684,18560,47.7076,14.5555,49.8787
581,-1677,18592,61.7167,14.8322,63.4739
582,-1670,18624,43.8157,11.6196,45.3302
583,-1663,18656,43.5159,11.6497,45.0483
584,-1654,18688,49.9774,12.4011,51.493
585,-1645,18720,47.2832,15.4668,49.7486
586,-1637,18752,47.6316,14.9935,49.9357
587,-1631,18784,39.2577,17.6583,43.0463
588,-1628,18816,46.7974,13.8309,48.7984
589,-1627,18848,45.4402,11.3564,46.8378
590,-1625,18880,46.3441,17.1659,49.4211
591,-1620,18912,41.1025,20.2714,45.8296
592,-1614,18944,49.1292,14.4213,51.202
593,-1607,18976,46.6637,15.8193,49.2722
594,-1601,19008,40.4081,21.2939,45.6754
595,-1595,19040,43.411,29.2547,52.3484
596,-1589,19072,61.1829,9.85846,61.972
597,-1584,19104,52.4707,7.18237,52.96
598,-1580,19136,46.0598,14.9351,48.4207
599,-1576,19168,29.4342,10.3179,31.1903
600,-1574,19200,44.0748,18.1419,47.6626
601,-1570,19232,43.0182,11.9437,44.6455
602,-1566,19264,30.8463,19.6603,36.579
603,-1566,19296,43.8529,10.8893,45.1847
604,-1567,19328,51.1744,25.9639,57.3842
605,-1569,19360,45.3876,32.5183,55.8343
606,-1576,19392,61.9308,20.1738,65.1338
607,-1584,19424,46.8558,18.8381,50.5009
608,-1593,19456,46.142,19.9286,50.2616
609,-1600,19488,61.7584,23.3423,66.0225
610,-1606,19520,50.1576,17.3804,53.0835
611,-1610,19552,40.569,29.0214,49.8807
612,-1616,19584,4.45093,14.4645,15.1338
613,-1622,19616,47.4587,22.8341,52.6662
614,-1629,19648,60.5654,22.642,64.6593
615,-1637,19680,50.6764,22.2018,55.3264
616,-1645,19712,41.1166,20.1436,45.7858
617,-1654,19744,53.411,16.7629,55.9797
618,-1662,19776,58.5869,14.6375,60.3878
619,-1670,19808,49.8488,38.6714,63.0902
620,-1680,19840,51.8375,11.8077,53.1653
621,-1691,19872,34.1521,12.5781,36.3947
622,-1700,19904,31.3789,21.6892,38.1452
623,-1707,19936,45.2081,29.7144,54.0991
624,-1712,19968,47.9757,19.421,51.7576
625,-1714,20000,45.1895,17.681,48.5253
626,-1716,20032,63.2639,38.4574,74.0358
627,-1719,20064,42.7855,26.1083,50.1223
628,-1723,20096,33.9349,44.6155,56.0546
629,-1729,20128,43.5712,15.6382,46.2925
630,-1736,20160,47.6195,37.5125,60.6201
631,-1743,20192,45.4452,27.7604,53.2532
632,-1749,20224,37.3865,31.9459,49.1761
633,-1756,20256,34.6974,23.1985,41.7382
634,-1761,20288,31.1415,14.9464,34.5425
635,-1764,20320,48.4797,11.8661,49.9108
636,-1766,20352,44.1311,11.0679,45.4978
637,-1768,20384,50.5271,35.6471,61.8361
638,-1770,20416,49.4052,26.2397,55.941
639,-1772,20448,41.6774,23.9866,48.087
640,-1774,20480,58.3143,7.23926,58.762
641,-1774,20512,44.7401,44.1118,62.8294
642,-1772,20544,40.9976,20.5972,45.8807
643,-1766,20576,66.4415,-0.355225,66.4425
644,-1758,20608,57.071,37.6372,68.3642
645,-1751,20640,36.0862,19.6289,41.0793
646,-1745,20672,35.9093,12.6433,38.0701
647,-1739,20704,38.6794,45.386,59.6321
648,-1734,20736,57.8287,22.8236,62.1698
649,-1727,20768,44.8669,17.197,48.0497
650,-1718,20800,35.7165,17.0347,39.5708
651,-1707,20832,49.67,36.0354,61.365
652,-1696,20864,57.3727,20.9238,61.0691
653,-1689,20896,40.7826,35.322,53.9524
654,-1681,20928,29.9554,36.5071,47.2239
655,-1673,20960,43.7872,25.7891,50.8173
656,-1666,20992,49.9451,43.0083,65.9107
657,-1657,21024,24.4281,39.8228,46.7181
658,-1648,21056,72.9541,24.6644,77.0106
659,-1641,21088,34.2179,40.4819,53.0061
660,-1635,21120,53.152,43.1255,68.4467
661,-1632,21152,70.104,22.2863,73.5612
662,-1632,21184,45.0079,38.609,59.299
663,-1629,21216,64.2501,38.7186,75.0147
664,-1624,21248,67.1274,28.2242,72.8196
665,-1619,21280,53.2666,18.9122,56.5244
666,-1613,21312,49.3932,20.061,53.3117
667,-1607,21344,34.9746,27.7634,44.6546
668,-1600,21376,36.5819,15.2711,39.6414
669,-1593,21408,55.2015,41.3917,68.9962
670,-1589,21440,67.5646,38.3263,77.6781
671,-1585,21472,50.0181,36.589,61.9723
672,-1580,21504,53.7237,53.2794,75.6633
673,-1577,21536,68.9507,22.3488,72.4822
674,-1575,21568,47.9522,13.6581,49.8594
675,-1573,21600,39.334,41.1527,56.9273
676,-1572,21632,65.7419,32.7885,73.4649
677,-1571,21664,42.5333,35.7344,55.552
678,-1573,21696,31.1961,20.3167,37.2285
679,-1580,21728,48.6696,30.9215,57.6616
680,-1588,21760,29.7177,30.5134,42.5936
681,-1597,21792,34.2652,37.9612,51.1386
682,-1604,21824,27.8901,31.5264,42.0924
683,-1609,21856,50.0699,22.04,54.7062
684,-1613,21888,26.2704,23.8123,35.4564
685,-1617,21920,26.0414,29.4858,39.3391
686,-1623,21952,44.4857,37.5365,58.2062
687,-1631,21984,65.8943,26.5857,71.0553
688,-1640,22016,57.6348,35.0884,67.4756
689,-1647,22048,17.1926,25.3702,30.6469
690,-1655,22080,53.4398,19.6663,56.9436
691,-1663,22112,59.605,27.579,65.6762
692,-1670,22144,47.5936,27.6681,55.0515
693,-1679,22176,37.2475,38.6978,53.7112
694,-1689,22208,49.7244,28.2681,57.1979
695,-1699,22240,29.217,26.9681,39.7607
696,-1706,22272,37.7532,33.6626,50.5813
697,-1710,22304,39.2619,46.0199,60.4924
698,-1713,22336,36.2206,25.3226,44.1947
699,-1714,22368,60.4435,61.4525,86.1965
700,-1715,22400,44.6794,37.7012,58.4605
701,-1720,22432,59.2042,61.6205,85.453
702,-1727,22464,50.5837,52.4668,72.8799
703,-1734,22496,44.2369,32.4711,54.8751
704,-1741,22528,46.6899,40.8263,62.0221
705,-1747,22560,49.7232,36.6207,61.7533
706,-1753,22592,54.3922,43.2499,69.4914
707,-1758,22624,55.0807,52.9114,76.3773
708,-1762,22656,32.2019,39.4069,50.8907
709,-1765,22688,43.9763,51.6934,67.8684
710,-1767,22720,37.6822,18.2097,41.8514
711,-1769,22752,45.0492,51.4175,68.3607
712,-1771,22784,41.2672,44.864,60.9571
713,-1773,22816,36.8371,40.0293,54.3996
714,-1773,22848,41.4184,73.4712,84.3416
715,-1770,22880,29.7194,38.4463,48.5938
716,-1764,22912,39.3964,45.3436,60.0676
717,-1756,22944,30.5957,33.0305,45.0235
718,-1748,22976,30.4228,51.6403,59.9355
719,-1742,23008,66.902,30.1211,73.37
720,-1738,23040,24.5411,64.5953,69.1001
721,-1733,23072,35.4427,47.9027,59.5891
722,-1725,23104,54.1775,33.6104,63.7563
723,-1717,23136,68.8565,41.3427,80.3146
724,-1707,23168,34.8429,56.2272,66.1478
725,-1694,23200,21.0836,44.0145,48.8036
726,-1685,23232,39.0928,44.5665,59.2826
727,-1677,23264,64.9088,50.5537,82.2729
728,-1670,23296,27.2741,48.501,55.6437
729,-1663,23328,40.8593,39.1128,56.5623
730,-1654,23360,43.5625,39.267,58.648
731,-1645,23392,49.8371,51.8634,71.9274
732,-1637,23424,30.5744,40.9357,51.0933
733,-1631,23456,38.241,29.9385,48.5663
734,-1628,23488,44.1353,42.8593,61.5211
735,-1627,23520,26.4359,30.7357,40.5406
736,-1624,23552,38.0621,44.75,58.7477
737,-1620,23584,42.6982,45.125,62.1241
738,-1614,23616,47.1435,40.098,61.8899
739,-1608,23648,59.6138,27.1663,65.5119
740,-1601,23680,27.3945,32.4187,42.4433
741,-1594,23712,38.5564,71.6681,81.3813
742,-1588,23744,52.5644,51.851,73.8345
743,-1583,23776,40.6106,61.8831,74.0185
744,-1578,23808,45.2239,43.3173,62.6225
745,-1575,23840,35.4953,53.4048,64.1248
746,-1572,23872,55.1737,52.3951,76.0881
747,-1568,23904,45.307,70.972,84.2007
748,-1566,23936,46.9703,57.5846,74.3114
749,-1566,23968,47.4323,48.3427,67.7262
750,-1565,24000,54.7579,32.1812,63.5142
751,-1567,24032,36.0663,50.7106,62.2281
752,-1573,24064,48.7007,54.5062,73.0937
753,-1582,24096,69.2367,57.0151,89.6908
754,-1589,24128,21.1855,12.2341,24.4642
755,-1596,24160,51.5379,29.3748,59.3214
756,-1601,24192,68.65,41.7588,80.3531
757,-1605,24224,13.3593,80.475,81.5763
758,-1610,24256,46.0409,55.45,72.0726
759,-1615,24288,36.64,69.8616,78.8868
760,-1623,24320,23.6751,48.2408,53.7372
761,-1631,24352,22.496,39.1516,45.1544
762,-1640,24384,40.5008,55.1893,68.4557
763,-1649,24416,13.2835,57.5209,59.0348
764,-1657,24448,48.145,38.0358,61.3568
765,-1666,24480,18.7499,53.4629,56.6554
766,-1676,24512,45.5301,54.069,70.6855
767,-1686,24544,38.7831,50.2555,63.4803
768,-1697,24576,0.615799,51.9326,51.9363
769,-1703,24608,36.6531,46.4314,59.1551
770,-1708,24640,66.5497,31.2167,73.5075
771,-1712,24672,77.3304,50.5431,92.3829
772,-1714,24704,38.9284,63.2657,74.2831
773,-1716,24736,35.1699,59.8065,69.3811
774,-1721,24768,30.7147,58.8237,66.3598
775,-1726,24800,29.929,62.4163,69.2209
776,-1733,24832,46.8376,45.4447,65.2609
777,-1741,24864,59.2758,73.7655,94.6307
778,-1748,24896,15.1236,81.1323,82.5299
779,-1755,24928,67.1786,48.7899,83.0266
780,-1760,24960,24.1058,45.2532,51.2732
781,-1765,24992,-3.77588,0.857422,3.87201
782,-1767,25024,30.7995,64.6661,71.6262
783,-1769,25056,45.1682,55.3646,71.4522
784,-1772,25088,38.1424,85.201,93.3492
785,-1775,25120,26.6881,44.1208,51.5646
786,-1777,25152,41.5119,58.0833,71.3926
787,-1777,25184,35.9205,72.4688,80.8827
788,-1774,25216,43.5031,69.891,82.3242
789,-1768,25248,19.7944,92.9222,95.0072
790,-1760,25280,47.7265,51.223,70.0116
791,-1753,25312,16.1628,58.3531,60.5502
792,-1748,25344,60.5078,69.6411,92.2555
793,-1744,25376,11.7079,45.4565,46.9401
794,-1738,25408,33.3058,58.8422,67.6142
795,-1731,25440,84.2687,104.946,134.591
796,-1721,25472,33.9506,41.1948,53.3822
797,-1711,25504,60.7813,98.8247,116.02
798,-1699,25536,33.2914,70.8632,78.2937
799,-1690,25568,68.0917,78.5634,103.965
800,-1682,25600,10.8799,52.3926,53.5103
801,-1676,25632,41.9067,76.6367,87.3462
802,-1667,25664,36.5393,54.4391,65.5647
803,-1658,25696,36.4709,73.5052,82.0558
804,-1650,25728,25.2569,78.2031,82.1805
805,-1643,25760,25.6,84.1111,87.9206
806,-1637,25792,38.0696,57.2461,68.7489
807,-1634,25824,64.0754,94.4619,114.143
808,-1632,25856,43.0637,28.3953,51.5827
809,-1631,25888,0.700806,110,110.002
810,-1627,25920,34.6773,101.318,107.088
811,-1620,25952,9.49475,101.854,102.296
812,-1612,25984,6.9328,79.5887,79.8901
813,-1606,26016,39.4728,87.5836,96.0677
814,-1601,26048,42.5385,104.099,112.455
815,-1595,26080,33.4581,64.1078,72.3136
816,-1589,26112,27.0941,62.3757,68.006
817,-1585,26144,30.4916,69.34,75.748
818,-1581,26176,29.6865,89.0277,93.8468
819,-1577,26208,66.545,88.548,110.765
820,-1575,26240,40.2692,89.2136,97.881
821,-1572,26272,26.385,90.1415,93.9237
822,-1571,26304,-15.2998,53.5765,55.7183
823,-1571,26336,14.3415,79.2791,80.5658
824,-1573,26368,47.1593,72.947,86.8635
825,-1579,26400,35.1545,69.03,77.466
826,-1586,26432,71.1874,77.1021,104.94
827,-1594,26464,54.38,82.8251,99.0817
828,-1601,26496,49.7337,76.3323,91.1047
829,-1606,26528,49.3571,99.6501,111.204
830,-1610,26560,31.5283,79.15,85.1984
831,-1615,26592,27.3342,100.657,104.303
832,-1622,26624,29.8316,82.703,87.9188
833,-1629,26656,58.8146,102.663,118.317
834,-1637,26688,42.1203,94.9288,103.854
835,-1646,26720,39.821,97.5361,105.352
836,-1655,26752,26.287,70.9396,75.6534
837,-1661,26784,8.61182,104.461,104.816
838,-1669,26816,39.8008,81.4478,90.6523
839,-1678,26848,46.9027,67.3051,82.0356
840,-1689,26880,38.5065,106.783,113.514
841,-1700,26912,27.2012,105.319,108.775
842,-1708,26944,18.6688,126.269,127.641
843,-1711,26976,18.1695,115.63,117.049
844,-1713,27008,29.3066,117.918,121.506
845,-1715,27040,-20.2588,104.697,106.639
846,-1717,27072,-10.41,116.507,116.971
847,-1720,27104,-15.8854,112.724,113.838
848,-1725,27136,-58.0347,161.277,171.401
849,-1732,27168,-275.63,247.073,370.158
850,-1739,27200,278.134,-76.1268,288.364
851,-1745,27232,125.397,70.8688,144.037
852,-1752,27264,114.305,79.3002,139.119
853,-1757,27296,119.254,55.7662,131.649
854,-1760,27328,87.3481,79.7975,118.31
855,-1763,27360,44.2083,79.13,90.6418
856,-1764,27392,45.1858,92.7736,103.192
857,-1766,27424,78.9315,110.597,135.874
858,-1769,27456,38.3228,129.249,134.811
859,-1771,27488,-25.7051,88.2666,91.9334
860,-1770,27520,33.1813,107.814,112.804
861,-1766,27552,49.3296,59.7972,77.5185
862,-1761,27584,20.4163,51.036,54.9682
863,-1753,27616,-26.7384,214.606,216.265
864,-1746,27648,94.4849,72.5004,119.095
865,-1740,27680,56.4152,94.4286,109.997
866,-1736,27712,83.6228,131.944,156.212
867,-1730,27744,99.8243,87.7111,132.884
868,-1723,27776,14.7081,145.745,146.485
869,-1714,27808,50.8715,44.2522,67.4252
870,-1704,27840,-7.57275,120.198,120.436
871,-1694,27872,39.2585,39.6367,55.788
872,-1684,27904,62.228,88.6875,108.341
873,-1675,27936,56.4185,54.4639,78.4178
874,-1668,27968,71.4647,39.9749,81.8853
875,-1662,28000,69.4653,-0.0895996,69.4654
876,-1655,28032,145.097,-98.2155,175.212
877,-1646,28064,-251.621,1077.19,1106.19
878,-1639,28096,-1.92969,263.742,263.749
879,-1633,28128,-1.15759,210.31,210.313
880,-1630,28160,0.799194,170.703,170.705
881,-1628,28192,1.04565,182.795,182.798
882,-1626,28224,55.8741,151.311,161.298
883,-1623,28256,58.1106,142.56,153.948
884,-1618,28288,39.5417,183.51,187.721
885,-1611,28320,23.0956,188.266,189.677
886,-1605,28352,52.8882,139.532,149.219
887,-1599,28384,18.6302,167.267,168.301
888,-1593,28416,60.1857,159.296,170.286
889,-1588,28448,68.9956,155.489,170.109
890,-1584,28480,49.2004,163.513,170.755
891,-1581,28512,24.4829,213.883,215.28
892,-1579,28544,48.5212,181.572,187.943
893,-1575,28576,73.3971,160.8,176.759
894,-1572,28608,32.3551,156.206,159.522
895,-1569,28640,51.1732,189.619,196.403
896,-1567,28672,7.43555,204.387,204.522
897,-1569,28704,34.4752,215.127,217.872
898,-1575,28736,21.0151,196.869,197.987
899,-1584,28768,12.6432,214.459,214.831
900,-1593,28800,64.7755,178.798,190.17
901,-1600,28832,50.9841,212.282,218.318
902,-1605,28864,9.5791,230.398,230.597
903,-1609,28896,127.541,235.735,268.025
904,-1613,28928,466.037,720.09,857.741
905,-1619,28960,-80.103,136.685,158.428
906,-1625,28992,7.25171,95.3845,95.6597
907,-1634,29024,-27.1854,166.364,168.571
908,-1643,29056,1.35071,172.349,172.354
909,-1652,29088,40.3088,144.489,150.006
910,-1659,29120,-48.4435,178.994,185.434
911,-1666,29152,25.9197,198.215,199.902
912,-1675,29184,63.7322,196.513,206.59
913,-1687,29216,-16.3871,175.867,176.629
914,-1698,29248,-5.2384,238.74,238.797
915,-1707,29280,-43.9486,257.588,261.31
916,-1711,29312,-91.1615,293.218,307.062
917,-1711,29344,72.4607,246.07,256.517
918,-1712,29376,-577.418,-17.681,577.688
919,-1714,29408,-155.356,201.614,254.527
920,-1718,29440,-35.5146,174.182,177.766
921,-1724,29472,-60.8375,145.322,157.543
922,-1731,29504,-66.8416,202.46,213.208
923,-1738,29536,-49.2295,192.832,199.016
924,-1745,29568,-66.4211,208.677,218.993
925,-1751,29600,-104.793,277.909,297.01
926,-1756,29632,-32.9034,337.067,338.669
927,-1761,29664,-86.9021,259.449,273.616
928,-1765,29696,-138.276,308.787,338.334
929,-1767,29728,-104.713,325.525,341.952
930,-1768,29760,-267.853,414.866,493.821
931,-1769,29792,-757.607,774.097,1083.14
932,-1771,29824,878.535,-512.455,1017.07
933,-1771,29856,213.856,-13.0625,214.255
934,-1768,29888,185.665,121.006,221.616
935,-1763,29920,77.4061,113.838,137.662
936,-1757,29952,18.4778,166.161,167.185
937,-1751,29984,52.2141,187.572,194.704
938,-1745,30016,17.3711,228.939,229.597
939,-1740,30048,64.401,206.319,216.136
940,-1737,30080,11.3909,227.73,228.015
941,-1730,30112,68.5947,264.308,273.064
942,-1720,30144,66.63,245.326,254.213
943,-1709,30176,28.9364,263.98,265.561
944,-1698,30208,109.664,197.375,225.795
945,-1688,30240,527.805,23.7866,528.341
946,-1680,30272,-223.182,410.596,467.332
947,-1673,30304,-48.1284,292.744,296.674
948,-1667,30336,-111.766,325.816,344.453
949,-1660,30368,-91.5159,306.719,320.081
950,-1652,30400,-65.5887,319.443,326.107
951,-1644,30432,-103.202,395.294,408.543
952,-1638,30464,-71.11,349.093,356.262
953,-1634,30496,-146.837,356.263,385.337
954,-1632,30528,-94.696,413.16,423.873
955,-1629,30560,-129.812,459.662,477.64
956,-1626,30592,-149.646,444.69,469.194
957,-1620,30624,-147.826,508.783,529.823
958,-1614,30656,-207.273,623.721,657.259
959,-1608,30688,1625.18,-3129.16,3526.03
960,-1601,30720,9.86047,185.306,185.568
961,-1596,30752,-100.774,368.745,382.267
962,-1592,30784,-167.112,404.278,437.455
963,-1587,30816,-167.461,440.321,471.09
964,-1582,30848,-195.116,509.842,545.902
965,-1579,30880,-193.426,519.694,554.523
966,-1576,30912,-174.756,503.708,533.162
967,-1573,30944,-215.329,538.732,580.171
968,-1572,30976,-263.455,592.726,648.639
969,-1570,31008,-223.706,582.908,624.361
970,-1572,31040,-226.481,619.337,659.448
971,-1577,31072,-341.356,789.982,860.578
972,-1585,31104,-485.368,811.025,945.169
973,-1593,31136,-325.601,372.222,494.536
974,-1600,31168,-431.356,743.457,859.532
975,-1606,31200,-489.532,714.04,865.733
976,-1609,31232,-646.132,832.339,1053.7
977,-1613,31264,-660.132,957.989,1163.41
978,-1620,31296,-689.308,1050.66,1256.59
979,-1626,31328,-1073.41,1080.33,1522.93
980,-1632,31360,-1232.46,1653.41,2062.21
981,-1640,31392,-1523.23,1715.43,2294.11
982,-1648,31424,-2075.53,1870.13,2793.78
983,-1656,31456,-2393.93,2577.19,3517.5
984,-1665,31488,-3672.82,3817.78,5297.64
985,-1675,31520,-6398.12,6551.02,9157.06
986,-1685,31552,-29597.9,26174.6,39511.3
987,-1695,31584,13908.8,-11481.7,18035.6
988,-1702,31616,6389.47,-4259.91,7679.33
989,-1707,31648,3927.84,-2715.93,4775.37
990,-1708,31680,2743.06,-1704.82,3229.67
991,-1709,31712,2844.68,-1216.15,3093.74
992,-1711,31744,2762.74,-1415.82,3104.39
993,-1714,31776,2592.46,-435.425,2628.77
994,-1719,31808,1455.19,-991.442,1760.83
995,-1726,31840,1511.97,-665.666,1652.02
996,-1734,31872,1392.81,-843.446,1628.29
997,-1740,31904,1009.34,270.352,1044.92
998,-1745,31936,2140.64,-59.1863,2141.46
999,-1751,31968,1505.7,-743.162,1679.11
