1, -1056966284
3, -2130708108
5, 1090517361
7, 16775538
9, -2130708106
11, 1090517364
13, 16775538
15, 16775541
17, -2130708108
19, -1056966285
21, 16775543
23, -2130708108
25, 16775534
27, -2130708114
29, -1056966284
31, 1090517371
33, -2130708090
35, -1056966271
37, 1090517366
39, 1090517364
41, 16775531
43, -1056966296
45, 1090517358
47, 1090517363
49, 1090517371
51, 1090517372
53, -2130708107
55, 1090517366
57, -1056966288
59, 1090517354
61, 16775540
63, -1056966270
65, -2130708108
67, 16775509
69, 1090517343
71, 1090517373
73, 16775550
75, -2130708107
77, 1090517367
79, -2130708124
81, -1056966319
83, 1090517355
85, -2130708089
87, 16775547
89, 16775527
91, -1056966297
93, -1056966296
95, -1056966286
97, -1056966264
99, -2130708099
101, 1090517349
103, 1090517350
105, -2130708118
107, -2130708114
109, 16775545
111, -2130708101
113, -2130708111
115, -1056966300
117, -1056966295
119, -2130708099
121, 16775554
123, 1090517371
125, -2130708111
127, -2130708118
129, -1056966287
131, 16775545
133, 16775550
135, 1090517376
137, -1056966289
139, -1056966303
141, -1056966288
143, -1056966274
145, 16775542
147, -1056966286
149, 1090517366
151, 16775533
153, -1056966290
155, -1056966277
157, 1090517364
159, 1090517354
161, 16775535
163, -1056966284
165, 16775543
167, 16775545
169, -2130708108
171, 1090517354
173, -2130708119
175, 1090517361
177, -2130708109
179, -1056966287
181, 1090517362
183, -2130708110
185, -2130708112
187, -2130708109
189, 16775542
191, 16775537
193, 16775535
195, -2130708112
197, -2130708112
199, -2130708111
201, 1090517364
203, 1090517362
205, -1056966290
207, -1056966289
209, 1090517360
211, -1056966289
213, -1056966288
215, -1056966290
217, -2130708114
219, 1090517361
221, 1090517364
223, -1056966284
225, -1056966286
227, -1056966288
229, -1056966290
231, -1056966289
233, 1090517363
235, -1056966285
237, 1090517362
239, -2130708113
241, 16775534
243, -1056966290
245, -1056966289
247, -2130708111
249, 16775538
251, 1090517359
253, -1056966292
255, -2130708114
257, 1090517361
259, 16775537
261, -1056966290
263, -1056966291
265, -2130708115
267, 1090517358
269, 1090517361
271, 1090517362
273, -2130708111
275, -2130708112
277, -1056966290
279, 1090517358
281, 1090517359
283, 1090517360
285, 1090517361
287, 1090517361
289, -1056966288
291, -1056966287
293, -2130708109
295, -2130708107
297, -2130708107
299, -1056966285
301, 16775538
303, 1090517361
305, 1090517363
307, -1056966283
309, 1090517366
311, -1056966285
313, 16775538
315, 1090517362
317, 16775540
319, 1090517366
321, -1056966283
323, 16775539
325, -2130708112
327, 16775537
329, 1090517363
331, 16775541
333, -2130708108
335, -1056966287
337, -1056966289
339, -2130708113
341, 16775538
343, -1056966285
345, -2130708110
347, -1056966289
349, -2130708115
351, 1090517357
353, 1090517358
355, 1090517359
357, -1056966288
359, -1056966287
361, 1090517361
363, 16775536
365, 1090517359
367, -1056966290
369, 1090517359
371, 16775536
373, 1090517360
375, -2130708113
377, -1056966290
379, 1090517360
381, -2130708110
383, -1056966285
385, -1056966287
387, -1056966291
389, -1056966291
391, -2130708113
393, 1090517361
395, 16775538
397, -1056966288
399, -2130708112
401, -1056966288
403, 16775538
405, 16775539
407, 16775538
409, 16775536
411, -1056966290
413, -2130708114
415, -1056966290
417, -2130708114
419, 1090517358
421, -2130708115
423, -2130708115
425, 1090517358
427, -1056966289
429, 16775536
431, 1090517357
433, 1090517358
435, 16775537
437, 16775540
439, 1090517363
441, -1056966305
443, 1090517349
445, -1056966272
447, 1090517369
449, 16775538
451, -2130708110
453, 16775536
455, -2130708109
457, 1090517366
459, 1090517369
461, 1090517363
463, 1090517359
465, -2130708117
467, 16775532
469, 1090517362
471, -2130708097
473, 1090517375
475, 16775527
477, 16775523
479, 16775544
481, 1090517378
483, 1090517363
485, -2130708114
487, 16775540
489, 16775534
491, 1090517357
493, 1090517375
495, 1090517375
497, -2130708122
499, 1090517351
501, -1056966281
503, 16775540
505, -1056966287
507, 16775543
509, -1056966284
511, 16775532
513, -1056966300
515, 1090517357
517, -1056966279
519, -2130708107
521, -2130708122
523, -1056966294
525, -1056966287
527, -1056966292
529, 16775538
531, -2130708109
533, -1056966293
535, -2130708120
537, -1056966293
539, -1056966291
541, -2130708119
543, -2130708118
545, -1056966291
547, 1090517355
549, 16775531
551, -2130708114
553, -1056966289
555, -2130708118
557, -2130708112
559, 1090517367
561, -2130708115
563, 16775533
565, 1090517362
567, 16775538
569, 1090517362
571, 1090517365
573, -2130708108
575, -2130708114
577, -2130708111
579, 16775544
581, -1056966281
583, 1090517367
585, 16775542
587, 16775541
589, 1090517364
591, -1056966282
593, -1056966281
595, -2130708109
597, 1090517363
599, 16775539
601, 16775540
603, 1090517366
605, 1090517364
607, -2130708110
609, 16775538
611, 1090517362
613, -2130708112
615, -2130708113
617, 1090517361
619, 16775537
621, -1056966288
623, 16775536
625, -2130708113
627, 16775536
629, -1056966286
631, -1056966284
633, -1056966286
635, -1056966287
637, 16775538
639, 1090517362
641, -1056966285
643, 1090517363
645, -2130708111
647, -1056966288
649, 1090517362
651, -2130708109
653, -2130708110
655, -2130708111
657, -1056966290
659, 1090517359
661, -2130708110
663, -1056966287
665, -1056966291
667, 1090517356
669, 1090517360
671, 16775538
673, 16775535
675, -1056966293
677, -1056966294
679, -2130708115
681, -2130708112
683, -2130708108
685, -2130708113
687, -1056966298
689, 1090517355
691, 1090517363
693, -2130708110
695, -2130708115
697, -1056966295
699, -1056966300
701, 16775524
703, 1090517362
705, -2130708099
707, 1090517351
709, 1090517337
711, 1090517351
713, -1056966290
715, -1056966284
717, -1056966284
719, 1090517349
721, 1090517339
723, 1090517353
725, -1056966276
727, 1090517368
729, 1090517354
731, 1090517350
733, 16775525
735, -2130708111
737, -2130708097
739, -2130708102
741, 16775533
743, 16775530
745, -1056966289
747, 16775540
749, -1056966282
751, 16775542
753, 1090517360
755, -2130708113
757, -1056966283
759, 1090517369
761, -2130708106
763, 16775539
765, 16775534
767, -1056966293
769, -1056966289
771, -2130708109
773, 1090517362
775, -2130708115
777, -2130708117
779, 16775533
781, -1056966289
783, 1090517362
785, -2130708112
787, 16775534
789, -1056966290
791, 1090517360
793, -1056966289
795, -2130708115
797, 16775532
799, 16775533
801, -1056966290
803, 16775536
805, -1056966288
807, -1056966289
809, -1056966291
811, -1056966291
813, 1090517358
815, 1090517358
817, 1090517358
819, -1056966291
821, 1090517357
823, -2130708115
825, -2130708114
827, -1056966290
829, 1090517359
831, 16775535
833, 1090517359
835, -1056966289
837, 1090517359
839, -2130708108
841, 1090517360
843, 1090517351
845, 16775537
847, 16775540
849, 16775533
851, 16775536
853, -2130708118
855, 1090517346
857, 16775534
859, 1090517368
861, -1056966286
863, -2130708113
865, -1056966290
867, -1056966291
869, -2130708109
871, 16775545
873, 16775541
875, 1090517358
877, -2130708114
879, 1090517363
881, -2130708106
883, -1056966283
885, -1056966287
887, -1056966291
889, -1056966290
891, -1056966287
893, -1056966284
895, 16775541
897, -1056966285
899, -1056966284
901, 1090517365
903, 16775541
905, 1090517366
907, -1056966281
909, -2130708107
911, 16775539
913, 16775541
915, -1056966280
917, 1090517369
919, 1090517367
921, -2130708108
923, -1056966286
925, 1090517363
927, 1090517365
929, -1056966284
931, 1090517363
933, -2130708108
935, 1090517365
937, -1056966283
939, 16775542
941, 1090517364
943, 1090517362
945, -1056966286
947, -2130708108
949, 1090517365
951, 1090517365
953, -1056966284
955, 16775539
957, 1090517361
959, -2130708110
961, -2130708109
963, -1056966286
965, 1090517362
967, 16775538
969, -2130708111
971, -1056966286
973, 1090517363
975, -1056966288
977, -2130708113
979, -1056966289
981, 16775540
983, -2130708114
985, 16775518
987, -2130708114
989, 16775544
991, 16775521
993, -1056966301
995, 16775541
997, -2130708115
999, -1056966289
1001, 1090517375
1003, -1056966291
1005, -1056966303
1007, -1056966287
1009, -1056966283
1011, 16775532
1013, -2130708113
1015, -1056966290
1017, -2130708120
1019, 16775536
1021, 16775542
1023, -1056966290
1025, 1090517354
1027, -2130708112
1029, 1090517363
1031, -2130708110
1033, -1056966286
1035, -1056966288
1037, -2130708113
1039, 16775538
1041, 1090517364
1043, -1056966287
1045, 1090517359
1047, -1056966288
1049, 16775538
1051, -1056966286
1053, 1090517363
1055, -2130708110
1057, 1090517362
1059, -1056966287
1061, -2130708111
1063, -1056966288
1065, -1056966289
1067, 1090517361
1069, 1090517362
1071, 1090517362
1073, -1056966286
1075, -1056966287
1077, 1090517360
1079, -2130708115
1081, -1056966292
1083, -1056966291
1085, 16775534
1087, -2130708114
1089, -1056966290
1091, 16775535
1093, -2130708112
1095, 16775537
1097, -2130708112
1099, 16775536
1101, 16775535
1103, -2130708114
1105, -2130708114
1107, 1090517358
1109, -2130708115
1111, 1090517358
1113, -1056966289
1115, 16775536
1117, 1090517359
1119, 1090517358
1121, 1090517357
1123, -1056966292
1125, -1056966291
1127, -1056966291
1129, -2130708115
1131, -1056966291
1133, -2130708115
1135, 16775534
1137, 1090517359
1139, 16775535
1141, -1056966291
1143, -1056966291
1145, -2130708114
1147, 16775535
1149, 16775535
1151, -1056966290
1153, -1056966291
1155, -2130708115
1157, 1090517357
1159, -1056966292
1161, 16775533
1163, 16775532
1165, -1056966294
1167, 16775530
1169, -1056966295
1171, -2130708118
1173, 16775531
1175, 1090517356
1177, -2130708115
1179, -2130708114
1181, -2130708114
1183, 16775535
1185, -1056966289
1187, 1090517359
1189, 1090517361
1191, 16775539
1193, 16775534
1195, -2130708107
1197, -1056966284
1199, -2130708119
1201, 1090517367
1203, -1056966276
1205, -2130708115
1207, -2130708106
1209, 1090517361
1211, -2130708124
1213, 1090517384
1215, -1056966267
1217, 1090517343
1219, 1090517360
1221, 1090517381
1223, -2130708109
1225, -1056966279
1227, -2130708091
1229, 16775535
1231, 16775526
1233, 16775549
1235, 1090517378
1237, -2130708108
1239, -2130708109
1241, 1090517364
1243, -2130708114
1245, -1056966286
1247, 1090517373
1249, 1090517368
1251, -2130708115
1253, -1056966289
1255, -1056966285
1257, -2130708111
1259, 1090517359
1261, -2130708117
1263, -2130708115
1265, -1056966275
1267, -1056966284
1269, 1090517344
1271, 16775540
1273, 16775541
1275, 16775519
1277, 1090517378
1279, -1056966256
1281, -1056966306
1283, 1090517334
1285, 16775544
1287, -2130708104
1289, -1056966288
1291, -2130708096
1293, 16775539
1295, 1090517334
1297, -1056966297
1299, 16775556
1301, 16775551
1303, 16775546
1305, 1090517290
1307, -1056966419
1309, 16775699
1311, 1090517577
1313, 16775407
1315, -1056966377
1317, 1090517400
1319, -2130708213
1321, -1056966252
1323, 16775703
1325, 1090517279
1327, 1090517269
1329, 16775531
1331, -1056966377
1333, 1090517446
1335, 16775789
1337, -2130708131
1339, 16775341
1341, -1056966339
1343, -2130708096
1345, 16775602
1347, -2130707967
1349, 1090517373
1351, 1090517203
1353, -2130708213
1355, -2130708033
1357, 1090517477
1359, 16775572
1361, 1090517313
1363, -1056966393
1365, -2130708168
1367, 16775600
1369, 1090517464
1371, -2130708078
1373, -2130708121
1375, 1090517301
1377, 16775459
1379, 16775570
1381, -1056966201
1383, -2130708097
1385, -1056966307
1387, 1090517342
1389, 16775508
1391, 16775544
1393, -1056966234
1395, -1056966256
1397, 16775505
1399, 16775499
1401, 16775532
1403, 16775556
1405, -1056966259
1407, 16775550
1409, -2130708137
1411, -2130708149
1413, 1090517365
1415, -1056966259
1417, -2130708099
1419, 1090517356
1421, -2130708121
1423, 16775529
1425, -1056966284
1427, -1056966274
1429, 1090517365
1431, -2130708116
1433, 1090517359
1435, -2130708114
1437, 16775535
1439, -1056966284
1441, -1056966283
1443, 1090517357
1445, 1090517350
1447, 16775531
1449, 16775537
1451, -2130708110
1453, 1090517357
1455, 1090517352
1457, 1090517354
1459, 16775537
1461, 1090517363
1463, -2130708115
1465, -2130708117
1467, 1090517359
1469, -1056966287
1471, -2130708112
1473, -2130708113
1475, -1056966289
1477, 16775534
1479, -2130708115
1481, -2130708115
1483, -2130708114
1485, -2130708110
1487, -1056966287
1489, 16775534
1491, 16775534
1493, -2130708111
1495, -2130708109
1497, -1056966288
1499, -1056966291
1501, -1056966290
1503, -1056966286
1505, -2130708108
1507, 16775538
1509, 1090517359
1511, 1090517361
1513, 16775540
1515, -1056966286
1517, 1090517360
1519, -1056966289
1521, -1056966288
1523, 1090517363
1525, -2130708108
1527, 16775541
1529, 16775541
1531, 1090517364
1533, -2130708110
1535, -2130708112
1537, -1056966288
1539, 1090517360
1541, -1056966289
1543, -1056966290
1545, 16775534
1547, -1056966289
1549, 1090517361
1551, -1056966288
1553, 16775535
1555, -1056966291
1557, 1090517357
1559, 16775534
1561, 1090517358
1563, -1056966290
1565, 1090517360
1567, 16775537
1569, -1056966288
1571, 16775537
1573, 1090517361
1575, 16775538
1577, 16775539
1579, -2130708110
1581, -2130708110
1583, 1090517363
1585, 16775540
1587, -2130708110
1589, 16775538
1591, -2130708109
1593, 1090517364
1595, -2130708106
1597, 16775545
1599, 16775539
1601, 16775536
1603, -1056966281
1605, -2130708104
1607, -2130708106
1609, -1056966281
1611, 1090517355
1613, -2130708122
1615, 16775538
1617, -1056966286
1619, 1090517373
1621, 1090517350
1623, -2130708108
1625, 1090517359
1627, -1056966332
1629, 16775535
1631, 1090517391
1633, 1090517354
1635, 1090517367
1637, 1090517399
1639, -1056966295
1641, -2130708116
1643, -1056966272
1645, 1090517349
1647, 16775514
1649, -2130708097
1651, -1056966272
1653, 1090517355
1655, -2130708105
1657, -2130708105
1659, 1090517356
1661, -2130708109
1663, 16775545
1665, 16775535
1667, 16775534
1669, 16775543
1671, -1056966282
1673, -1056966286
1675, -1056966279
1677, -2130708100
1679, 1090517366
1681, -2130708109
1683, -1056966281
1685, -1056966283
1687, -2130708110
1689, 1090517366
1691, -1056966286
1693, 16775539
1695, 1090517370
1697, -2130708103
1699, -2130708111
1701, -2130708112
1703, -2130708109
1705, 1090517362
1707, -1056966284
1709, 1090517367
1711, 1090517365
1713, 16775540
1715, 16775541
1717, 1090517365
1719, -1056966285
1721, -2130708108
1723, 16775540
1725, 1090517361
1727, 16775538
1729, -1056966285
1731, -2130708109
1733, 16775537
1735, -2130708112
1737, 1090517362
1739, -1056966286
1741, -1056966285
1743, 1090517363
1745, -2130708110
1747, -2130708109
1749, -2130708108
1751, -1056966285
1753, -1056966286
1755, 16775539
1757, 1090517362
1759, 1090517361
1761, 1090517361
1763, -2130708111
1765, -1056966287
1767, 1090517365
1769, -2130708101
1771, -2130708114
1773, 16775506
1775, -2130708110
1777, -1056966244
1779, 16775531
1781, -2130708141
1783, 16775546
1785, -2130708127
1787, 1090517348
1789, -2130708076
1791, 1090517377
1793, -1056966309
1795, -1056966292
1797, -1056966274
1799, -1056966294
1801, 16775538
1803, -1056966276
1805, 1090517352
1807, -2130708121
1809, -2130708105
1811, -1056966282
1813, -2130708110
1815, -1056966285
1817, 1090517361
1819, 1090517352
1821, -1056966291
1823, -2130708106
1825, 1090517361
1827, -1056966289
1829, 1090517365
1831, -2130708108
1833, 16775537
1835, -2130708108
1837, -2130708109
1839, -1056966292
1841, 16775534
1843, -2130708112
1845, 1090517360
1847, 16775539
1849, 16775540
1851, 16775538
1853, -2130708113
1855, -2130708113
1857, -2130708113
1859, 1090517357
1861, -2130708093
1863, -1056966235
1865, 1090517345
1867, -2130708176
1869, 1090517363
1871, 1090517412
1873, 16775637
1875, 1090517405
1877, -2130708221
1879, 1090517261
1881, -1056966295
1883, 16775535
1885, 16775562
1887, -1056966254
1889, 16775504
1891, -2130708145
1893, -2130708076
1895, -2130708086
1897, 1090517331
1899, 1090517350
1901, 16775527
1903, 16775516
1905, -1056966269
1907, 1090517389
1909, 1090517350
1911, 1090517337
1913, 16775534
1915, -1056966296
1917, 16775534
1919, -1056966262
1921, 1090517369
1923, 1090517340
1925, -1056966299
1927, -1056966276
1929, 1090517380
1931, -1056966273
1933, 1090517367
1935, -2130708116
1937, 1090517385
1939, -2130708098
1941, 1090517289
1943, -2130708232
1945, 16775454
1947, -2130708098
1949, 16775669
1951, -1056966103
1953, -1056966200
1955, 1090517307
1957, -1056966395
1959, 1090517287
1961, 16775527
1963, -1056966247
1965, -1056966244
1967, -2130708111
1969, -2130708135
1971, 1090517357
1973, -2130708100
1975, 1090517357
1977, -1056966316
1979, 16775503
1981, 1090517349
1983, -1056966267
1985, 1090517390
1987, 1090517376
1989, -1056966287
1991, 16775532
1993, -2130708112
1995, 16775538
1997, 1090517360
1999, -1056966286
2001, -2130708113
2003, -1056966290
2005, -1056966283
2007, -1056966280
2009, 1090517365
2011, -1056966287
2013, 16775531
2015, -2130708124
2017, -2130708116
2019, 16775541
2021, -2130708114
2023, -1056966294
2025, 1090517364
2027, 16775547
2029, 1090517366
2031, 1090517361
2033, -2130708117
2035, -1056966300
2037, 16775532
2039, -2130708108
2041, 1090517364
2043, 1090517361
2045, 1090517360
2047, 1090517363
2049, -1056966288
2051, 1090517354
2053, 16775536
2055, -2130708107
2057, 16775533
2059, 16775533
2061, -1056966289
2063, -1056966293
2065, -2130708113
2067, 16775539
2069, 1090517358
2071, -2130708115
2073, -1056966285
2075, -2130708109
2077, 16775533
2079, 16775532
2081, 16775536
2083, -2130708110
2085, 1090517364
2087, -2130708107
2089, 16775541
2091, 16775539
2093, -1056966286
2095, 1090517361
2097, -2130708112
2099, 16775538
2101, 1090517363
2103, 1090517365
2105, 16775541
2107, 1090517365
2109, -2130708105
2111, -1056966283
2113, 1090517361
2115, -2130708113
2117, 16775536
2119, 1090517359
2121, 16775535
2123, -2130708110
2125, 16775541
2127, 1090517367
2129, 16775541
2131, 1090517360
2133, -1056966292
2135, -1056966288
2137, 16775535
2139, 16775537
2141, 1090517372
2143, 16775540
2145, 1090517370
2147, 16775555
2149, 1090517368
2151, 1090517370
2153, -1056966281
2155, -1056966296
2157, -2130708117
2159, 16775541
2161, -1056966285
2163, 1090517366
2165, 1090517367
2167, -2130708112
2169, -1056966288
2171, -1056966284
2173, 1090517354
2175, 1090517357
2177, 1090517361
2179, 16775539
2181, -2130708091
2183, 16775549
2185, -1056966293
2187, -1056966298
2189, -1056966301
2191, -1056966286
2193, -2130708095
2195, 1090517358
2197, 16775522
2199, -2130708118
2201, 16775543
2203, -2130708094
2205, -2130708109
2207, -1056966302
2209, 1090517351
2211, -1056966290
2213, -2130708109
2215, 16775537
2217, 1090517353
2219, -1056966295
2221, 16775539
2223, 16775542
2225, -1056966288
2227, -2130708111
2229, -1056966290
2231, -1056966290
2233, 16775541
2235, 16775542
2237, -2130708104
2239, -2130708104
2241, -1056966284
2243, -2130708110
2245, 1090517362
2247, 1090517363
2249, -1056966286
2251, 16775537
2253, -2130708107
2255, -1056966276
2257, -2130708103
2259, -2130708103
2261, 1090517371
2263, -2130708110
2265, -2130708106
2267, 1090517372
2269, 16775541
2271, 1090517363
2273, 16775541
2275, 16775541
2277, 1090517364
2279, 16775544
2281, 1090517368
2283, 16775540
2285, -1056966284
2287, -1056966287
2289, -1056966294
2291, 1090517359
2293, -1056966280
2295, 16775542
2297, -2130708112
2299, -1056966282
2301, -1056966277
2303, 16775544
2305, 1090517364
2307, 1090517356
2309, 16775525
2311, 16775536
2313, -2130708099
2315, -2130708103
2317, 1090517360
2319, 16775532
2321, -2130708117
2323, -2130708114
2325, 16775540
2327, -2130708110
2329, 16775533
2331, -2130708112
2333, 1090517367
2335, -1056966280
2337, -2130708106
2339, -2130708109
2341, -2130708111
2343, -2130708110
2345, -2130708110
2347, -1056966287
2349, 16775536
2351, 1090517360
2353, -1056966285
2355, 1090517366
2357, 1090517367
2359, 16775540
2361, -2130708112
2363, -1056966289
2365, 1090517361
2367, -1056966287
2369, -1056966289
2371, 1090517359
2373, 1090517362
2375, -1056966283
2377, 1090517365
2379, 1090517362
2381, -2130708115
2383, 1090517355
2385, 1090517357
2387, -2130708111
2389, 1090517362
2391, -1056966286
2393, -2130708106
2395, -1056966280
2397, 16775546
2399, 16775540
2401, -2130708116
2403, -1056966292
2405, 16775536
2407, -1056966286
2409, -1056966283
2411, 1090517367
2413, -2130708110
2415, 16775536
2417, -1056966285
2419, 16775540
2421, 1090517362
2423, -1056966286
2425, 16775540
2427, -1056966283
2429, 16775542
2431, -2130708107
2433, 16775543
2435, 1090517367
2437, 1090517366
2439, -1056966282
2441, -2130708104
2443, 1090517368
2445, -1056966283
2447, -1056966284
2449, -2130708107
2451, 1090517366
2453, 1090517366
2455, -2130708106
2457, -2130708108
2459, -1056966288
2461, -2130708111
2463, 1090517363
2465, -1056966286
2467, 1090517364
2469, -2130708105
2471, 1090517368
2473, 1090517364
2475, 1090517357
2477, -2130708121
2479, 16775530
2481, -2130708108
2483, 16775548
2485, -2130708102
2487, 1090517363
2489, 16775529
2491, 16775523
2493, 16775533
2495, -1056966284
2497, -1056966287
2499, 16775535
2501, -2130708115
2503, 1090517358
2505, -1056966286
2507, -1056966282
2509, -2130708109
2511, -1056966292
2513, -1056966292
2515, -1056966289
2517, -1056966285
2519, 1090517366
2521, -1056966284
2523, -1056966286
2525, 1090517361
2527, -1056966288
2529, -1056966286
2531, -2130708111
2533, -2130708116
2535, 16775533
2537, 1090517364
2539, 16775547
2541, 1090517371
2543, -2130708105
2545, 1090517358
2547, -1056966294
2549, -2130708111
2551, 1090517367
2553, -2130708102
2555, -1056966279
2557, -1056966283
2559, 16775537
2561, 1090517363
2563, -1056966279
2565, 16775545
2567, -2130708108
2569, -2130708108
2571, -1056966284
2573, 1090517366
2575, -2130708101
2577, 1090517372
2579, 1090517367
2581, -1056966285
2583, -2130708106
2585, 16775548
2587, 1090517371
2589, 16775540
2591, -1056966287
2593, -2130708111
2595, 1090517361
2597, -1056966287
2599, 16775538
2601, 16775541
2603, 1090517366
2605, -2130708107
2607, -1056966282
2609, -1056966281
2611, 1090517367
2613, -2130708103
2615, 1090517369
2617, -2130708109
2619, -1056966287
2621, -1056966280
2623, 1090517369
2625, 16775541
2627, -1056966287
2629, -2130708109
2631, 16775545
2633, -1056966282
2635, 16775538
2637, 1090517362
2639, -1056966284
2641, -2130708106
2643, -2130708104
2645, -2130708107
2647, -1056966287
2649, -2130708110
2651, -2130708109
2653, -1056966288
2655, 1090517361
2657, 1090517358
2659, -1056966292
2661, 1090517362
2663, 16775538
2665, 1090517364
2667, 16775532
2669, -2130708121
2671, 1090517365
2673, -1056966280
2675, 1090517358
2677, 16775532
2679, -1056966289
2681, -2130708113
2683, -1056966285
2685, 16775547
2687, 1090517377
2689, -2130708112
2691, 16775524
2693, 16775536
2695, -2130708097
2697, 16775551
2699, -2130708102
2701, -1056966284
2703, -1056966288
2705, -2130708103
2707, 16775547
2709, -2130708108
2711, -2130708101
2713, -1056966275
2715, -1056966291
2717, -2130708118
2719, 16775539
2721, -2130708098
2723, 1090517381
2725, 1090517372
2727, 16775521
2729, 1090517329
2731, 1090517349
2733, 1090517393
2735, 16775565
2737, 16775509
2739, -1056966378
2741, -2130708126
2743, 16775562
2745, -2130707968
2747, -2130708238
2749, 16775353
2751, 16775571
2753, -2130708045
2755, 1090517466
2757, -1056966248
2759, -1056966390
2761, -1056966525
2763, -2130708089
2765, -1056966036
2767, 16775728
2769, 16775587
2771, -2130708086
2773, 1090517379
2775, 1090517443
2777, -2130708056
2779, -1056966349
2781, -2130708230
2783, 1090517285
2785, 16775582
2787, 16775629
2789, 16775466
2791, 16775340
2793, 1090517234
2795, 1090517372
2797, -2130708035
2799, 16775572
2801, 1090517313
2803, -1056966322
2805, 1090517419
2807, -1056966165
2809, -2130707972
2811, 1090517423
2813, -2130708144
2815, 16775479
2817, -2130708138
2819, -1056966308
2821, -2130708152
2823, 16775482
2825, -1056966355
2827, -1056966345
2829, -1056966322
2831, 1090517320
2833, 16775497
2835, 1090517352
2837, -2130708094
2839, -1056966281
2841, -2130708115
2843, 1090517342
2845, -2130708119
2847, 1090517430
2849, -2130708016
2851, -1056966248
2853, 1090517353
2855, -1056966314
2857, -2130708129
2859, 1090517376
2861, -2130708060
2863, -1056966256
2865, 1090517318
2867, 16775477
2869, -2130708114
2871, -2130708081
2873, 16775563
2875, 16775566
2877, 1090517355
2879, -2130708143
2881, 16775553
2883, 1090517414
2885, -2130708066
2887, -2130708087
2889, -2130708128
2891, -1056966327
2893, 1090517351
2895, 1090517393
2897, 1090517375
2899, -1056966291
2901, 1090517349
2903, 1090517324
2905, -2130708114
2907, 1090517398
2909, -1056966264
2911, -1056966279
2913, -1056966285
2915, -2130708123
2917, 1090517370
2919, 16775574
2921, -2130708083
2923, -2130708107
2925, -1056966299
2927, 16775522
2929, 16775540
2931, -2130708083
2933, -1056966274
2935, -1056966313
2937, -1056966326
2939, -1056966321
2941, 16775516
2943, 16775542
2945, 16775554
2947, -1056966281
2949, -2130708123
2951, 1090517352
2953, -1056966262
2955, 1090517405
2957, -1056966265
2959, -2130708116
2961, -2130708127
2963, 1090517363
2965, -2130708081
2967, -1056966245
2969, 16775564
2971, -1056966307
2973, 16775491
2975, -1056966324
2977, -2130708129
2979, -1056966282
2981, -1056966274
2983, 1090517351
2985, -1056966322
2987, 1090517345
2989, -2130708088
2991, 1090517386
2993, 16775550
2995, 1090517371
2997, 16775529
2999, 16775529
3001, 16775555
3003, -2130708090
3005, 16775539
3007, -1056966294
3009, -1056966292
3011, 1090517356
3013, 16775544
3015, -2130708103
3017, -2130708123
3019, 1090517405
3021, 1090517383
3023, 1090517162
3025, -1056966570
3027, 16775414
3029, 16775624
3031, -1056965964
3033, -2130707669
3035, -2130707935
3037, -2130708288
3039, -1056966542
3041, -1056966462
3043, -2130708156
3045, 1090517447
3047, -1056966182
3049, -1056966296
3051, 16775464
3053, 1090517333
3055, -2130708098
3057, -1056966264
3059, 16775533
3061, 1090517311
3063, 1090517326
3065, -1056966256
3067, 16775606
3069, 1090517423
3071, 16775565
3073, -1056966311
3075, 1090517330
3077, -1056966278
3079, 16775566
3081, 16775562
3083, 1090517357
3085, 1090517326
3087, -1056966311
3089, -1056966273
3091, 16775571
3093, 1090517375
3095, 16775514
3097, 1090517309
3099, -1056966321
3101, 16775550
3103, 1090517384
3105, 1090517367
3107, 16775527
3109, 1090517348
3111, 1090517363
3113, 1090517377
3115, -2130708098
3117, 16775525
3119, 1090517330
3121, 16775518
3123, 1090517373
3125, -1056966256
3127, 1090517377
3129, 1090517354
3131, -1056966305
3133, -1056966304
3135, 16775528
3137, 16775534
3139, 1090517356
3141, 16775525
3143, -2130708122
3145, -2130708116
3147, 1090517362
3149, -1056966288
3151, 16775526
3153, 1090517350
3155, -1056966287
3157, 1090517371
3159, -1056966280
3161, -2130708114
3163, -2130708122
3165, 1090517351
3167, 16775538
3169, 16775546
3171, -2130708101
3173, -2130708110
3175, -2130708119
3177, 1090517357
3179, -2130708114
3181, -1056966290
3183, 1090517363
3185, 1090517363
3187, -2130708113
3189, 16775538
3191, -1056966278
3193, 16775545
3195, 1090517359
3197, 16775528
3199, 1090517349
3201, 16775527
3203, -1056966293
3205, 1090517361
3207, -1056966282
3209, 1090517375
3211, 16775555
3213, 16775552
3215, -1056966277
3217, -2130708109
3219, 1090517355
3221, 1090517355
3223, -2130708106
3225, -2130708096
3227, -1056966271
3229, 1090517377
3231, -1056966279
3233, 16775532
3235, 1090517348
3237, -2130708128
3239, 16775521
3241, -1056966295
3243, -2130708110
3245, -1056966282
3247, -1056966278
3249, 1090517371
3251, 16775544
3253, -2130708104
3255, -2130708102
3257, 16775545
3259, 1090517370
3261, -1056966284
3263, 16775539
3265, 1090517369
3267, 16775542
3269, 1090517365
3271, -2130708105
3273, 16775540
3275, -2130708110
3277, -2130708111
3279, -2130708111
3281, -1056966287
3283, 16775535
3285, -1056966283
3287, -2130708100
3289, -1056966274
3291, -1056966277
3293, -1056966285
3295, -2130708105
3297, 1090517374
3299, 16775549
3301, -2130708108
3303, -1056966295
3305, -2130708112
3307, 1090517374
3309, -2130708093
3311, -2130708100
3313, -2130708112
3315, 16775533
3317, -2130708108
3319, 1090517373
3321, 16775547
3323, 1090517364
3325, -2130708117
3327, -2130708119
3329, -2130708114
3331, -2130708111
3333, -2130708112
3335, -2130708114
3337, 1090517363
3339, 16775547
3341, -1056966276
3343, -2130708102
3345, -2130708106
3347, 1090517365
3349, 1090517363
3351, -1056966285
3353, 16775542
3355, 16775542
3357, -1056966288
3359, -2130708111
3361, 16775544
3363, 16775545
3365, 16775545
3367, -1056966288
3369, 1090517352
3371, 1090517352
3373, 1090517357
3375, 16775541
3377, -2130708102
3379, -1056966281
3381, 1090517362
3383, -2130708113
3385, -2130708114
3387, 1090517361
3389, -1056966285
3391, 1090517360
3393, 1090517357
3395, 16775535
3397, -1056966289
3399, -2130708114
3401, -2130708112
3403, -2130708113
3405, 16775530
3407, 1090517355
3409, 1090517360
3411, 1090517364
3413, -1056966283
3415, 16775535
3417, -2130708116
3419, 16775534
3421, 1090517360
3423, -2130708109
3425, 1090517364
3427, -2130708109
3429, -1056966282
3431, -1056966279
3433, -1056966282
3435, 16775542
3437, -2130708106
3439, 1090517365
3441, -1056966286
3443, -1056966286
3445, 1090517360
3447, -1056966288
3449, -2130708110
3451, -2130708114
3453, 1090517355
3455, -2130708116
3457, -2130708114
3459, -1056966289
3461, 1090517361
3463, -2130708111
3465, -1056966286
3467, 1090517364
3469, -2130708108
3471, 16775539
3473, -1056966285
3475, 1090517367
3477, 16775544
3479, 1090517363
3481, 16775535
3483, -1056966291
3485, 16775534
3487, -2130708113
3489, 1090517359
3491, -1056966292
3493, 1090517356
3495, 16775537
3497, 16775538
3499, -1056966288
3501, -2130708113
3503, 16775533
3505, -1056966289
3507, 16775540
3509, 1090517364
3511, -2130708109
3513, 16775541
3515, 1090517366
3517, 16775542
3519, -1056966281
3521, -1056966281
3523, 1090517365
3525, 16775539
3527, 16775538
3529, -2130708109
3531, 1090517366
3533, -2130708107
3535, 16775539
3537, 1090517363
3539, 16775536
3541, -2130708116
3543, -1056966290
3545, 16775535
3547, -1056966290
3549, -1056966290
3551, -2130708114
3553, 16775536
3555, 1090517361
3557, -1056966286
3559, -2130708112
3561, 16775534
3563, -2130708114
3565, 16775537
3567, 16775540
3569, 1090517363
3571, 16775538
3573, -1056966287
3575, 16775538
3577, -1056966286
3579, -1056966289
3581, -2130708115
3583, -2130708114
3585, 16775535
3587, 16775536
3589, 16775534
3591, 1090517356
3593, 16775533
3595, 1090517357
3597, -1056966291
3599, -1056966287
3601, 1090517368
3603, 16775545
3605, 1090517365
3607, 16775536
3609, -1056966290
3611, -1056966287
3613, 1090517363
3615, -2130708107
3617, 1090517366
3619, 1090517362
3621, -2130708103
3623, -2130708096
3625, 16775539
3627, 16775536
3629, -1056966284
3631, -2130708107
3633, -2130708103
3635, -1056966289
3637, -1056966295
3639, -2130708107
3641, -2130708101
3643, -1056966287
3645, -1056966295
3647, 16775537
3649, -1056966281
3651, -2130708104
3653, -2130708108
3655, -2130708114
3657, 16775536
3659, -2130708105
3661, 16775548
3663, 1090517363
3665, -2130708115
3667, -1056966293
3669, -2130708120
3671, 16775540
3673, 1090517369
3675, 1090517359
3677, 16775515
3679, -2130708167
3681, 1090517318
3683, 1090517397
3685, 16775610
3687, 1090517398
3689, 1090517358
3691, 16775524
3693, -2130708106
3695, 16775576
3697, 16775573
3699, -2130708144
3701, 16775445
3703, 16775479
3705, -1056966255
3707, -2130708048
3709, 1090517374
3711, 1090517316
3713, 1090517303
3715, 16775526
3717, 16775594
3719, -1056966220
3721, -1056966282
3723, 1090517311
3725, 1090517331
3727, 1090517395
3729, 16775604
3731, -2130708082
3733, 1090517326
3735, -2130708170
3737, -2130708140
3739, 16775564
3741, 1090517412
3743, -1056966270
3745, 16775497
3747, 1090517309
3749, -2130708116
3751, -2130708077
3753, 1090517394
3755, -2130708110
3757, -2130708144
3759, -1056966323
3761, 16775531
3763, -1056966264
3765, 16775560
3767, -1056966291
3769, -2130708134
3771, 16775519
3773, -1056966286
3775, -2130708094
3777, 16775551
3779, 1090517356
3781, 1090517345
3783, -2130708115
3785, 16775552
3787, -2130708091
3789, 1090517370
3791, -2130708118
3793, -2130708118
3795, -2130708108
3797, -1056966273
3799, -1056966269
3801, 16775546
3803, 16775533
3805, -1056966292
3807, -1056966282
3809, 16775548
3811, -2130708108
3813, 1090517354
3815, -2130708119
3817, -1056966294
3819, -2130708111
3821, 16775545
3823, 1090517361
3825, 1090517357
3827, -1056966286
3829, 16775536
3831, 1090517363
3833, 1090517369
3835, -2130708110
3837, -1056966287
3839, 16775542
3841, -2130708112
3843, 16775533
3845, -2130708108
3847, -2130708105
3849, 1090517364
3851, -1056966287
3853, 1090517353
3855, 1090517348
3857, 1090517353
3859, 16775539
3861, -1056966283
3863, -1056966289
3865, -2130708116
3867, -2130708115
3869, -1056966292
3871, 16775534
3873, -1056966286
3875, 16775541
3877, -2130708114
3879, -2130708121
3881, 16775545
3883, -1056966286
3885, 16775518
3887, -2130708098
3889, 1090517392
3891, -1056966284
3893, -1056966302
3895, 1090517348
3897, -2130708118
3899, 16775546
3901, -1056966269
3903, -2130708102
3905, -2130708113
3907, -1056966304
3909, 16775524
3911, 1090517377
3913, 1090517398
3915, -2130708111
3917, 16775474
3919, -1056966354
3921, 1090517370
3923, -2130708029
3925, 16775614
3927, -1056966265
3929, -2130708118
3931, -2130708128
3933, -1056966281
3935, 1090517445
3937, -1056966249
3939, 1090517246
3941, -1056966399
3943, -1056966296
3945, 16775568
3947, 16775596
3949, -1056966233
3951, -1056966300
3953, -2130708171
3955, -2130708155
3957, 1090517369
3959, -1056966238
3961, 1090517388
3963, 16775515
3965, 1090517351
3967, 1090517381
3969, -1056966273
3971, 16775542
3973, 1090517371
3975, 1090517360
3977, -2130708118
3979, -2130708094
3981, -1056966278
3983, -1056966312
3985, 16775528
3987, 1090517376
3989, -1056966281
3991, 1090517359
3993, 16775535
3995, 16775532
3997, 1090517355
3999, 1090517365
4001, -2130708096
4003, 1090517376
4005, -2130708122
4007, -2130708134
4009, -1056966288
4011, -1056966272
4013, 16775546
4015, -2130708111
4017, 16775526
4019, -1056966309
4021, -2130708119
4023, -1056966272
4025, 1090517376
4027, -2130708114
4029, 16775522
4031, -2130708119
4033, 1090517364
4035, 16775555
4037, 16775577
4039, 16775544
4041, -2130708179
4043, 16775515
4045, 16775603
4047, 1090517398
4049, -2130708122
4051, -1056966300
4053, 1090517321
4055, 1090517325
4057, -2130708075
4059, 16775598
4061, 16775544
4063, -2130708154
4065, -2130708137
4067, -1056966275
4069, -2130708071
4071, 16775578
4073, 16775540
4075, 16775505
4077, 1090517341
4079, -2130708103
4081, -2130708089
4083, -1056966269
4085, 1090517363
4087, -2130708124
4089, 16775526
4091, 16775539
4093, -1056966275
4095, 1090517374
4097, -2130708109
4099, -1056966296
4101, -2130708121
4103, -2130708111
4105, -2130708088
4107, -1056966260
4109, -1056966283
4111, 1090517354
4113, -1056966290
4115, 1090517362
4117, -2130708113
4119, -2130708115
4121, 1090517363
4123, -1056966279
4125, 1090517363
4127, -2130708115
4129, -2130708109
4131, -1056966286
4133, -1056966287
4135, 16775547
4137, 16775546
4139, 16775536
4141, 16775537
4143, -1056966286
4145, -2130708115
4147, -2130708111
4149, 1090517368
4151, -1056966285
4153, 16775533
4155, -1056966288
4157, -1056966285
4159, 16775539
4161, -1056966285
4163, 16775540
4165, 1090517360
4167, -2130708116
4169, -1056966287
4171, -2130708106
4173, 1090517362
4175, 16775537
4177, 1090517362
4179, 16775537
4181, -2130708110
4183, 1090517364
4185, 16775539
4187, 1090517358
4189, 1090517357
4191, -2130708111
4193, -1056966287
4195, -2130708110
4197, 1090517367
4199, 1090517362
4201, -1056966289
4203, -2130708107
4205, -2130708109
4207, 16775536
4209, -2130708112
4211, 1090517357
4213, 1090517356
4215, -2130708113
4217, 1090517361
4219, -1056966285
4221, -1056966283
4223, 1090517362
4225, -1056966286
4227, -2130708108
4229, -1056966288
4231, -2130708112
4233, -1056966286
4235, 1090517362
4237, -2130708111
4239, 1090517363
4241, 1090517362
4243, 16775538
4245, -2130708109
4247, 1090517362
4249, -1056966289
4251, -2130708111
4253, -2130708112
4255, 1090517360
4257, 1090517365
4259, 1090517365
4261, -1056966288
4263, -2130708113
4265, -1056966288
4267, -1056966289
4269, -2130708113
4271, -2130708111
4273, -2130708110
4275, -1056966287
4277, 1090517362
4279, 1090517363
4281, 1090517365
4283, 1090517364
4285, 1090517360
4287, -2130708111
4289, -2130708109
4291, -1056966286
4293, -2130708109
4295, 16775537
4297, 1090517357
4299, -2130708113
4301, 1090517360
4303, 1090517359
4305, -1056966289
4307, 1090517357
4309, 1090517357
4311, -2130708113
4313, 16775539
4315, -1056966284
4317, -2130708111
4319, 16775536
4321, 16775538
4323, 16775539
4325, 16775539
4327, 16775541
4329, 16775541
4331, -2130708111
4333, -2130708108
4335, 16775547
4337, -1056966281
4339, -1056966285
4341, -2130708107
4343, 1090517364
4345, -1056966286
4347, -1056966283
4349, 16775543
4351, 16775541
4353, -1056966284
4355, -1056966280
4357, 16775544
4359, -2130708109
4361, 16775537
4363, 16775535
4365, 16775537
4367, 16775541
4369, 16775541
4371, -2130708109
4373, -1056966285
4375, 1090517363
4377, -2130708112
4379, 16775535
4381, -1056966291
4383, 16775531
4385, -2130708116
4387, 16775535
4389, -1056966291
4391, 16775534
4393, -2130708116
4395, -1056966296
4397, 1090517355
4399, 16775536
4401, -1056966288
4403, 16775537
4405, 1090517360
4407, -1056966289
4409, -2130708113
4411, 1090517361
4413, 1090517363
4415, 1090517365
4417, -2130708105
4419, -1056966283
4421, 1090517363
4423, 16775542
4425, 16775541
4427, -1056966288
4429, 1090517362
4431, -1056966286
4433, 1090517362
4435, -1056966281
4437, -2130708103
4439, -1056966285
4441, -1056966286
4443, -1056966287
4445, -1056966290
4447, 16775536
4449, -2130708110
4451, 1090517360
4453, 1090517357
4455, 1090517357
4457, 16775535
4459, 16775535
4461, -2130708110
4463, 1090517365
4465, 16775538
4467, 1090517362
4469, 16775545
4471, -2130708103
4473, -2130708107
4475, 16775541
4477, 1090517356
4479, 16775525
4481, 16775528
4483, -2130708122
4485, -2130708124
4487, -2130708114
4489, -1056966279
4491, 16775549
4493, -1056966271
4495, -2130708094
4497, -1056966279
4499, -2130708107
4501, -1056966281
4503, 16775538
4505, -2130708125
4507, 1090517341
4509, 16775519
4511, -1056966292
4513, -1056966271
4515, 1090517383
4517, 1090517381
4519, 16775552
4521, 16775539
4523, 16775537
4525, -2130708106
4527, 1090517368
4529, 16775550
4531, 16775550
4533, -2130708114
4535, -2130708128
4537, 1090517337
4539, -1056966316
4541, 16775533
4543, -1056966274
4545, 16775546
4547, -1056966271
4549, 16775562
4551, 16775546
4553, -2130708114
4555, 1090517367
4557, 1090517369
4559, 16775543
4561, -1056966280
4563, -2130708115
4565, 16775510
4567, 1090517323
4569, 1090517330
4571, 1090517363
4573, 1090517384
4575, -1056966277
4577, -1056966288
4579, 16775537
4581, 16775537
4583, -1056966290
4585, 16775541
4587, -1056966269
4589, -1056966271
4591, 1090517359
4593, 16775536
4595, 1090517372
4597, -1056966309
4599, -2130708165
4601, 16775520
4603, 16775548
4605, 1090517358
4607, -1056966268
4609, 16775592
4611, -2130708076
4613, -2130708120
4615, 16775522
4617, 16775543
4619, 16775554
4621, 1090517393
4623, -2130708076
4625, -2130708118
4627, 16775496
4629, 16775495
4631, 16775512
4633, 16775555
4635, -1056966254
4637, -2130708109
4639, 16775525
4641, 16775540
4643, -1056966276
4645, 1090517370
4647, 1090517379
4649, 16775555
4651, -1056966279
4653, 1090517374
4655, -2130708101
4657, 16775540
4659, 16775519
4661, 1090517314
4663, -1056966330
4665, -1056966292
4667, 16775554
4669, -1056966278
4671, 1090517373
4673, -2130708107
4675, 1090517345
4677, 16775529
4679, -2130708095
4681, -2130708089
4683, 16775552
4685, 1090517367
4687, -1056966293
4689, -2130708120
4691, -2130708129
4693, -1056966323
4695, -1056966312
4697, -1056966280
4699, 1090517374
4701, 1090517371
4703, -1056966267
4705, -1056966274
4707, 16775533
4709, 16775538
4711, -1056966268
4713, -2130708089
4715, 16775556
4717, -1056966273
4719, 16775536
4721, -1056966299
4723, 1090517340
4725, 1090517326
4727, -2130708135
4729, -1056966281
4731, -1056966278
4733, -2130708111
4735, 16775549
4737, 1090517373
4739, -1056966288
4741, 1090517363
4743, 1090517378
4745, -2130708089
4747, -1056966269
4749, 16775549
4751, -2130708115
4753, -1056966303
4755, 1090517333
4757, -2130708153
4759, 16775509
4761, 1090517369
4763, 1090517379
4765, 16775543
4767, 1090517369
4769, -2130708102
4771, -1056966287
4773, -2130708113
4775, 16775546
4777, -1056966269
4779, 1090517379
4781, -1056966279
4783, -1056966291
4785, -2130708123
4787, -1056966308
4789, 1090517327
4791, 16775503
4793, 16775535
4795, -2130708085
4797, -1056966267
4799, 1090517374
4801, -2130708096
4803, -1056966274
4805, -1056966279
4807, -1056966279
4809, -1056966272
4811, 16775555
4813, 16775545
4815, 1090517355
4817, 16775524
4819, 1090517345
4821, 16775518
4823, 1090517334
4825, -1056966310
4827, 16775538
4829, -2130708095
4831, -2130708096
4833, -2130708101
4835, 1090517367
4837, 1090517364
4839, 16775539
4841, 16775540
4843, 1090517368
4845, -1056966280
4847, -1056966287
4849, 1090517354
4851, 16775527
4853, -2130708121
4855, 16775526
4857, 1090517350
4859, -2130708119
4861, -2130708116
4863, -2130708113
4865, 1090517361
4867, 16775538
4869, 1090517362
4871, -1056966285
4873, -1056966283
4875, 16775543
4877, -2130708105
4879, -2130708109
4881, -2130708115
4883, -1056966293
4885, -2130708114
4887, -2130708111
4889, 1090517364
4891, 1090517366
4893, -2130708107
4895, 1090517366
4897, 16775543
4899, 16775541
4901, -2130708109
4903, -1056966283
4905, -2130708102
4907, -1056966277
4909, -1056966281
4911, 1090517362
4913, 1090517357
4915, -1056966294
4917, 16775531
4919, -1056966290
4921, 1090517364
4923, 16775543
4925, -2130708108
4927, 16775538
4929, -2130708110
4931, 16775538
4933, 1090517361
4935, 16775540
4937, -1056966281
4939, 1090517369
4941, -1056966280
4943, 16775541
4945, 16775536
4947, -2130708115
4949, -1056966291
4951, -1056966288
4953, 16775541
4955, -2130708104
4957, 16775544
4959, -1056966284
4961, -1056966287
4963, 16775535
4965, -1056966292
4967, -2130708114
4969, -1056966285
4971, -2130708105
4973, 1090517367
4975, -2130708108
4977, 1090517360
4979, -2130708115
4981, 16775534
4983, 1090517362
4985, -2130708105
4987, -1056966280
4989, -2130708104
4991, -1056966281
4993, 1090517365
4995, 1090517363
4997, 1090517362
4999, 1090517362
5001, -1056966287
5003, 1090517362
5005, 16775539
5007, 1090517363
5009, -1056966287
5011, -1056966290
5013, -2130708114
5015, -2130708112
5017, 1090517363
5019, -1056966285
5021, 1090517361
5023, -1056966288
5025, 16775538
5027, 16775538
5029, 16775538
5031, 16775538
5033, -2130708110
5035, -1056966286
5037, -1056966286
5039, -2130708109
5041, -2130708109
5043, -2130708110
5045, 16775537
5047, 1090517361
5049, 1090517362
5051, 16775538
5053, -2130708112
5055, 1090517360
5057, 1090517359
5059, 16775534
5061, 16775534
5063, -2130708112
5065, 16775539
5067, 16775540
5069, -2130708108
5071, -2130708107
5073, 1090517366
5075, 16775541
5077, 1090517364
5079, -1056966283
5081, 16775544
5083, 16775543
5085, -2130708108
5087, 1090517363
5089, -1056966285
5091, 1090517364
5093, -1056966286
5095, 16775538
5097, -2130708110
5099, 1090517363
5101, -1056966285
5103, -2130708109
5105, -2130708110
5107, -2130708112
5109, -2130708114
5111, 16775534
5113, -1056966289
5115, 16775537
5117, 16775537
5119, 16775537
5121, 16775537
5123, -1056966289
5125, 16775535
5127, 16775535
5129, -1056966289
5131, 1090517360
5133, 1090517360
5135, -2130708111
5137, 16775538
5139, 16775538
5141, 1090517361
5143, 1090517361
5145, 16775537
5147, -1056966289
5149, 1090517360
5151, 1090517361
5153, 1090517361
5155, 16775537
5157, 1090517360
5159, -2130708113
5161, 16775536
5163, -2130708112
5165, 16775537
5167, 1090517362
5169, 16775539
5171, -1056966286
5173, 1090517361
5175, 16775536
5177, -2130708112
5179, 1090517362
5181, 16775538
5183, 16775538
5185, -2130708111
5187, -2130708112
5189, -1056966289
5191, -2130708113
5193, -1056966289
5195, 1090517361
5197, -2130708110
5199, 1090517360
5201, 1090517362
5203, -2130708109
5205, 16775537
5207, -2130708112
5209, -2130708105
5211, -2130708094
5213, -2130708108
5215, -2130708124
5217, -2130708116
5219, -2130708110
5221, -1056966283
5223, 1090517362
5225, -2130708120
5227, -2130708117
5229, -1056966283
5231, -2130708104
5233, 1090517364
5235, -2130708110
5237, -2130708109
5239, -2130708108
5241, -2130708108
5243, 16775538
5245, 1090517361
5247, -1056966285
5249, 16775540
5251, -1056966291
5253, -2130708122
5255, -1056966295
5257, -2130708109
5259, 1090517363
5261, -1056966291
5263, 16775536
5265, 16775541
5267, -2130708108
5269, 1090517361
5271, 16775537
5273, -1056966286
5275, -1056966285
5277, -2130708109
5279, -2130708109
5281, -1056966286
5283, 16775537
5285, -1056966290
5287, 1090517358
5289, -1056966290
5291, -2130708111
5293, 16775536
5295, 1090517340
5297, -1056966304
5299, 16775568
5301, -2130708090
5303, 1090517319
5305, 16775515
5307, 1090517389
5309, -1056966294
5311, -2130708131
5313, -2130708093
5315, 16775539
5317, 1090517326
5319, 16775530
5321, -1056966258
5323, 16775548
5325, -1056966304
5327, -1056966293
5329, 1090517371
5331, -1056966287
5333, -1056966278
5335, -1056966263
5337, 1090517364
5339, 16775523
5341, 1090517367
5343, 16775552
5345, 16775537
5347, 1090517365
5349, 1090517371
5351, -2130708113
5353, 16775535
5355, -2130708102
5357, -1056966279
5359, -2130708113
5361, 16775537
5363, 1090517367
5365, 1090517364
5367, -1056966283
5369, -2130708100
5371, 16775543
5373, -1056966291
5375, -1056966287
5377, 1090517366
5379, 16775539
5381, -1056966287
5383, -2130708112
5385, -1056966290
5387, -1056966290
5389, -2130708110
5391, -1056966285
5393, 16775535
5395, -1056966289
5397, 1090517361
5399, 16775537
5401, 16775539
5403, -1056966288
5405, -2130708117
5407, 1090517354
5409, 16775533
5411, -1056966291
5413, -2130708115
5415, 16775534
5417, -2130708114
5419, -2130708111
5421, -1056966286
5423, -1056966286
5425, 16775539
5427, 16775537
5429, -2130708112
5431, 16775540
5433, -1056966286
5435, -2130708111
5437, 1090517361
5439, -2130708114
5441, -1056966289
5443, 16775539
5445, -2130708110
5447, -2130708113
5449, 16775534
5451, 16775534
5453, -1056966290
5455, 16775537
5457, 16775540
5459, -1056966284
5461, 1090517363
5463, -2130708111
5465, 1090517361
5467, 16775536
5469, -2130708113
5471, 1090517361
5473, 1090517360
5475, -2130708116
5477, 16775535
5479, -1056966285
5481, -2130708112
5483, 16775532
5485, 16775533
5487, 16775533
5489, -2130708115
5491, -2130708112
5493, 16775536
5495, -1056966290
5497, -1056966292
5499, -1056966294
5501, 16775534
5503, -1056966290
5505, 1090517356
5507, -2130708115
5509, 1090517359
5511, -2130708113
5513, -2130708111
5515, 16775538
5517, -1056966289
5519, 1090517360
5521, 1090517363
5523, -1056966284
5525, 1090517363
5527, -1056966286
5529, -2130708108
5531, -1056966283
5533, 1090517367
5535, -2130708106
5537, 16775541
5539, -2130708110
5541, -1056966290
5543, 1090517356
5545, -2130708122
5547, 16775522
5549, 1090517347
5551, -2130708115
5553, 1090517373
5555, 16775550
5557, -2130708110
5559, 1090517361
5561, -2130708104
5563, -2130708102
5565, -1056966281
5567, 16775544
5569, 16775542
5571, -1056966290
5573, -2130708120
5575, -2130708123
5577, -2130708123
5579, 16775518
5581, 1090517335
5583, -2130708119
5585, 1090517374
5587, -2130708109
5589, -1056966301
5591, 1090517357
5593, 16775544
5595, -1056966285
5597, 1090517361
5599, -1056966282
5601, 16775545
5603, -1056966284
5605, 16775534
5607, 16775525
5609, -2130708132
5611, 16775508
5613, 16775519
5615, 1090517378
5617, 1090517384
5619, -2130708115
5621, -2130708120
5623, -1056966279
5625, 1090517374
5627, 16775538
5629, 1090517357
5631, 1090517367
5633, 16775548
5635, -2130708108
5637, 16775535
5639, 16775537
5641, -1056966291
5643, 1090517344
5645, 1090517327
5647, 16775514
5649, 16775550
5651, -1056966267
5653, 16775538
5655, 16775532
5657, -2130708103
5659, 16775553
5661, 16775546
5663, -2130708107
5665, -1056966278
5667, 1090517370
5669, -1056966286
5671, 1090517360
5673, -1056966285
5675, 16775540
5677, 16775526
5679, 16775505
5681, -2130708146
5683, 16775529
5685, -2130708095
5687, -2130708104
5689, -1056966297
5691, -1056966290
5693, -2130708134
5695, 1090517289
5697, 1090517295
5699, -1056966227
5701, 16775692
5703, -2130708027
5705, 16775536
5707, -2130708131
5709, -2130708102
5711, -2130708047
5713, -2130708054
5715, -2130708183
5717, 1090517176
5719, 1090517260
5721, -1056966209
5723, -2130707983
5725, -2130708073
5727, -1056966367
5729, 1090517252
5731, 1090517345
5733, 16775634
5735, 1090517457
5737, -2130708136
5739, 1090517244
5741, 1090517297
5743, 16775610
5745, -2130707972
5747, -1056966224
5749, 1090517293
5751, -1056966410
5753, 1090517308
5755, 1090517420
5757, 16775624
5759, 16775540
5761, 16775451
5763, -1056966360
5765, 16775554
5767, 1090517434
5769, 16775577
5771, 1090517328
5773, 1090517297
5775, 1090517329
5777, 16775560
5779, -2130708064
5781, -2130708091
5783, -2130708136
5785, -1056966332
5787, 16775507
5789, 1090517359
5791, -1056966268
5793, -2130708094
5795, -1056966297
5797, 1090517332
5799, -1056966301
5801, 1090517382
5803, 16775569
5805, -1056966282
5807, 1090517340
5809, -2130708124
5811, -1056966268
5813, 16775573
5815, 1090517379
5817, -1056966298
5819, -1056966311
5821, 16775524
5823, -2130708103
5825, -2130708098
5827, 1090517355
5829, -2130708139
5831, -2130708138
5833, 1090517359
5835, -2130708095
5837, 16775542
5839, -2130708122
5841, -1056966293
5843, -2130708104
5845, 1090517376
5847, 16775552
5849, -1056966279
5851, -2130708110
5853, 16775532
5855, -2130708118
5857, 16775537
5859, -1056966282
5861, -2130708112
5863, -2130708124
5865, 1090517346
5867, -1056966301
5869, -1056966297
5871, 1090517360
5873, -1056966290
5875, 1090517346
5877, 1090517344
5879, -1056966290
5881, -1056966277
5883, -1056966276
5885, 16775544
5887, 16775541
5889, 16775540
5891, -2130708110
5893, 16775539
5895, -2130708111
5897, -2130708117
5899, 16775527
5901, 16775527
5903, 1090517357
5905, -2130708103
5907, 1090517375
5909, 16775538
5911, 1090517346
5913, -2130708126
5915, 1090517356
5917, -1056966286
5919, -2130708110
5921, 1090517361
5923, -1056966287
5925, -1056966283
5927, -1056966280
5929, 16775542
5931, -2130708109
5933, 1090517359
5935, 1090517352
5937, 1090517345
5939, 16775516
5941, 1090517347
5943, 16775538
5945, -1056966278
5947, -1056966280
5949, -2130708116
5951, 16775528
5953, -2130708106
5955, 16775550
5957, 16775541
5959, 16775534
5961, 1090517356
5963, 16775534
5965, -2130708109
5967, 1090517367
5969, -1056966283
5971, -1056966285
5973, 1090517358
5975, -1056966298
5977, 16775525
5979, 1090517348
5981, -2130708118
5983, 16775542
5985, 1090517369
5987, 1090517366
5989, 16775541
5991, 1090517368
5993, -2130708100
5995, 1090517370
5997, 1090517363
5999, 16775536
6001, -1056966288
6003, -2130708109
6005, 1090517365
6007, -2130708108
6009, 1090517361
6011, -2130708116
6013, -2130708120
6015, -2130708117
6017, 1090517364
6019, -2130708115
6021, -2130708114
6023, 1090517379
6025, 16775553
6027, -2130708114
6029, 16775538
6031, -2130708109
6033, 16775531
6035, 1090517365
6037, -1056966276
6039, -1056966284
6041, -1056966296
6043, -2130708131
6045, 1090517350
6047, -2130708102
6049, -2130708113
6051, 1090517346
6053, 1090517353
6055, -2130708132
6057, -1056966299
6059, -2130708077
6061, -2130708094
6063, 1090517333
6065, 16775529
6067, 1090517377
6069, -1056966275
6071, -2130708114
6073, 1090517334
6075, 1090517357
6077, 16775550
6079, 16775521
6081, -1056966286
6083, 16775551
6085, -1056966310
6087, -2130708122
6089, -2130708090
6091, -1056966279
6093, -2130708123
6095, 1090517352
6097, -2130708108
6099, 1090517369
6101, 1090517369
6103, 16775547
6105, -1056966280
6107, -1056966285
6109, 16775539
6111, -2130708105
6113, 1090517363
6115, 1090517359
6117, 1090517367
6119, -2130708108
6121, -1056966289
6123, -1056966283
6125, -1056966282
6127, -2130708107
6129, 1090517363
6131, -2130708113
6133, -1056966287
6135, 1090517366
6137, 16775544
6139, 1090517367
6141, 1090517365
6143, 16775540
6145, 1090517365
6147, 16775541
6149, 1090517362
6151, -1056966285
6153, -2130708108
6155, -1056966283
6157, -1056966281
6159, 16775537
6161, 16775536
6163, 1090517369
6165, -2130708103
6167, -2130708110
6169, 1090517361
6171, -2130708117
6173, 16775536
6175, -1056966274
6177, 1090517361
6179, -2130708117
6181, -2130708100
6183, -1056966285
6185, 16775529
6187, -1056966277
6189, 16775545
6191, 1090517344
6193, -1056966294
6195, -1056966264
6197, 16775550
6199, 16775517
6201, -1056966299
6203, -2130708099
6205, -2130708107
6207, -1056966275
6209, -1056966272
6211, 16775511
6213, 1090517355
6215, -1056966260
6217, 1090517357
6219, -2130708122
6221, 16775543
6223, -1056966281
6225, -2130708114
6227, 16775509
6229, -2130708095
6231, -1056966257
6233, 1090517321
6235, 1090517371
6237, -2130708068
6239, 16775478
6241, -2130708148
6243, -2130708058
6245, 16775547
6247, -1056966278
6249, -2130708073
6251, -2130708166
6253, 16775460
6255, 1090517413
6257, 16775607
6259, -1056966295
6261, -1056966295
6263, -2130708123
6265, 16775495
6267, -1056966294
6269, 16775592
6271, -2130708083
6273, -2130708145
6275, -2130708134
6277, -1056966276
6279, 16775542
6281, 1090517377
6283, -2130708078
6285, -2130708119
6287, -1056966325
6289, -2130708111
6291, 1090517384
6293, -2130708102
6295, -2130708095
6297, 1090517371
6299, -1056966307
6301, 16775525
6303, 1090517380
6305, -1056966269
6307, -1056966290
6309, -1056966293
6311, -1056966292
6313, -2130708117
6315, 1090517371
6317, 16775556
6319, -1056966288
6321, 16775522
6323, -2130708114
6325, -2130708106
6327, 16775537
6329, -1056966286
6331, -2130708113
6333, -2130708125
6335, 1090517350
6337, -2130708110
6339, 16775537
6341, 16775530
6343, -2130708115
6345, 1090517357
6347, 1090517355
6349, -1056966285
6351, 1090517365
6353, -1056966297
6355, -2130708094
6357, 1090517429
6359, -2130708145
6361, -2130708289
6363, 1090517173
6365, 16775471
6367, -2130707966
6369, -2130707801
6371, 1090517622
6373, -2130708101
6375, -2130708290
6377, -1056966457
6379, -1056966349
6381, -2130708099
6383, 1090517393
6385, -1056966307
6387, -2130708199
6389, 16775489
6391, -2130708048
6393, -2130708013
6395, -1056966256
6397, -1056966330
6399, -1056966358
6401, -2130708157
6403, 16775558
6405, 16775603
6407, 1090517404
6409, -2130708123
6411, 16775499
6413, -2130708127
6415, 16775566
6417, -2130708056
6419, -1056966252
6421, 16775525
6423, -1056966328
6425, 16775508
6427, -1056966281
6429, 1090517392
6431, -2130708092
6433, -1056966303
6435, -1056966319
6437, -2130708120
6439, -2130708088
6441, 16775569
6443, 16775551
6445, 16775526
6447, -2130708131
6449, 1090517358
6451, -1056966267
6453, 16775558
6455, -2130708112
6457, -1056966303
6459, -2130708119
6461, -1056966276
6463, 1090517384
6465, -1056966271
6467, 1090517359
6469, -1056966301
6471, 16775530
6473, 16775545
6475, -1056966269
6477, 1090517376
6479, -2130708110
6481, -1056966295
6483, -1056966290
6485, -1056966280
6487, 1090517369
6489, -1056966287
6491, -1056966295
6493, 16775526
6495, -1056966293
6497, -1056966282
6499, -2130708104
6501, -2130708114
6503, 1090517350
6505, 1090517351
6507, -2130708115
6509, -1056966284
6511, -2130708107
6513, 16775534
6515, 16775525
6517, -2130708123
6519, -2130708114
6521, 1090517364
6523, 1090517363
6525, 16775535
6527, 16775534
6529, -2130708111
6531, 16775540
6533, 16775539
6535, 1090517358
6537, 1090517352
6539, -1056966300
6541, -1056966295
6543, 16775540
6545, -1056966278
6547, -1056966279
6549, -1056966286
6551, 16775534
6553, 16775534
6555, -1056966289
6557, 1090517360
6559, -1056966289
6561, 1090517362
6563, -1056966282
6565, -2130708099
6567, 16775551
6569, 16775543
6571, -2130708117
6573, 16775523
6575, -2130708127
6577, -1056966298
6579, -1056966290
6581, 1090517363
6583, 16775540
6585, 16775541
6587, -1056966281
6589, 1090517371
6591, -1056966278
6593, -1056966283
6595, -1056966288
6597, -2130708112
6599, -1056966286
6601, -2130708107
6603, 16775542
6605, -1056966285
6607, 16775538
6609, -1056966286
6611, -2130708108
6613, 1090517364
6615, -1056966286
6617, -2130708112
6619, -2130708114
6621, -2130708113
6623, 16775539
6625, -1056966283
6627, -1056966283
6629, 16775539
6631, 16775537
6633, -1056966287
6635, -1056966285
6637, 16775540
6639, 16775537
6641, 1090517359
6643, 1090517360
6645, 16775538
6647, 16775540
6649, -2130708108
6651, 16775539
6653, -1056966287
6655, -1056966287
6657, -2130708110
6659, -2130708110
6661, 1090517360
6663, -2130708114
6665, -1056966291
6667, 1090517356
6669, 16775532
6671, 16775534
6673, -1056966288
6675, 1090517362
6677, -2130708110
6679, -2130708109
6681, 16775540
6683, 16775539
6685, 16775537
6687, 16775534
6689, -1056966292
6691, 16775533
6693, -2130708115
6695, -1056966289
6697, -2130708110
6699, -2130708109
6701, -1056966286
6703, 1090517361
6705, -2130708114
6707, -1056966293
6709, 16775532
6711, 1090517358
6713, -1056966288
6715, -2130708110
6717, -2130708109
6719, -2130708108
6721, -1056966283
6723, 1090517365
6725, 1090517363
6727, -1056966286
6729, 1090517364
6731, -2130708107
6733, -2130708106
6735, 1090517366
6737, -1056966284
6739, -1056966285
6741, 16775540
6743, -2130708107
6745, -2130708107
6747, -1056966283
6749, 16775542
6751, 16775542
6753, 16775541
6755, -2130708110
6757, -2130708111
6759, 1090517361
6761, -1056966289
6763, 16775536
6765, 16775537
6767, 1090517361
6769, 1090517362
6771, 16775539
6773, -2130708110
6775, 1090517361
6777, 16775536
6779, 16775536
6781, 1090517367
6783, 16775550
6785, -2130708112
6787, -2130708125
6789, -1056966296
6791, 1090517361
6793, -1056966285
6795, -2130708112
6797, 1090517357
6799, -2130708116
6801, -2130708114
6803, 16775537
6805, 1090517361
6807, 16775536
6809, 1090517359
6811, -1056966288
6813, 1090517363
6815, 1090517365
6817, 1090517364
6819, 16775538
6821, -1056966287
6823, -1056966288
6825, -2130708111
6827, -1056966280
6829, 1090517366
6831, 16775530
6833, 16775532
6835, -1056966284
6837, 1090517366
6839, 16775540
6841, -1056966287
6843, 16775537
6845, -1056966287
6847, 1090517362
6849, -1056966285
6851, -2130708108
6853, -2130708108
6855, -1056966286
6857, 16775536
6859, -1056966289
6861, -1056966289
6863, -2130708112
6865, -1056966287
6867, -2130708110
6869, -2130708108
6871, -1056966283
6873, -1056966285
6875, 16775536
6877, -1056966291
6879, 16775534
6881, 16775536
6883, 1090517362
6885, -1056966285
6887, -2130708108
6889, 16775540
6891, -1056966286
6893, 16775539
6895, 1090517363
6897, -2130708111
6899, -1056966289
6901, -1056966289
6903, 1090517361
6905, 1090517363
6907, 1090517364
6909, 1090517363
6911, 1090517362
6913, 1090517362
6915, 1090517363
6917, 16775540
6919, -1056966283
6921, -2130708105
6923, 1090517366
6925, 16775541
6927, -1056966284
6929, -2130708108
6931, -2130708109
6933, -2130708109
6935, 1090517365
6937, -2130708105
6939, -1056966281
6941, -2130708107
6943, -2130708110
6945, -2130708111
6947, 1090517363
6949, 1090517363
6951, -2130708109
6953, 16775539
6955, 16775537
6957, -1056966287
6959, 16775540
6961, -1056966284
6963, 16775539
6965, -1056966288
6967, -2130708112
6969, 16775537
6971, 16775537
6973, 16775537
6975, 16775537
6977, -2130708112
6979, -2130708111
6981, 16775539
6983, 1090517363
6985, -1056966286
6987, 1090517362
6989, -2130708111
6991, -1056966288
6993, 1090517360
6995, -2130708112
6997, -1056966288
6999, -1056966288
7001, -2130708111
7003, 1090517362
7005, 1090517362
7007, 16775539
7009, -1056966286
7011, -1056966287
7013, 1090517361
7015, -2130708112
7017, -2130708111
7019, 1090517364
7021, 16775542
7023, -2130708106
7025, -2130708106
7027, -1056966283
7029, 1090517366
7031, -1056966282
7033, 1090517364
7035, 16775538
7037, 1090517361
7039, -1056966289
7041, 1090517360
7043, -1056966288
7045, 1090517361
7047, -1056966287
7049, 16775537
7051, -2130708111
7053, 1090517361
7055, 16775537
7057, -1056966288
7059, -2130708113
7061, -1056966290
7063, 16775535
7065, -1056966288
7067, 16775538
7069, -1056966287
7071, -1056966287
7073, 1090517362
7075, 16775538
7077, -1056966287
7079, -2130708111
7081, 1090517361
7083, 1090517361
7085, 16775537
7087, 1090517360
7089, 16775535
7091, 16775534
7093, 16775534
7095, -1056966290
7097, -2130708111
7099, -2130708108
7101, 16775541
7103, 16775540
7105, 16775539
7107, -2130708109
7109, -2130708109
7111, -1056966285
7113, -2130708109
7115, -1056966286
7117, -1056966286
7119, 1090517363
7121, -2130708109
7123, 16775539
7125, -1056966287
7127, 1090517360
7129, 1090517359
7131, -1056966289
7133, -2130708112
7135, -2130708113
7137, 16775535
7139, -2130708113
7141, -1056966289
7143, -1056966288
7145, 16775537
7147, -1056966288
7149, -2130708113
7151, -2130708114
7153, -2130708113
7155, 1090517360
7157, -2130708112
7159, 16775537
7161, -1056966287
7163, -1056966287
7165, -2130708111
7167, 16775539
7169, 16775540
7171, -2130708109
7173, 1090517363
7175, 16775540
7177, 16775540
7179, -2130708109
7181, -1056966285
7183, -2130708109
7185, -1056966286
7187, -2130708111
7189, -1056966288
7191, 1090517361
7193, -2130708111
7195, -2130708111
7197, -2130708110
7199, -1056966286
7201, 16775539
7203, 1090517364
7205, 16775539
7207, -1056966287
7209, -2130708111
7211, 16775537
7213, -1056966287
7215, -2130708114
7217, -1056966302
7219, -1056966242
7221, 1090517396
7223, -2130708180
7225, -1056966322
7227, -2130708095
7229, -1056966316
7231, 1090517361
7233, 16775569
7235, -1056966308
7237, 16775539
7239, -1056966238
7241, 16775565
7243, -2130708113
7245, -1056966300
7247, -2130708139
7249, -1056966294
7251, 1090517381
7253, -1056966285
7255, 1090517356
7257, 16775540
7259, -2130708106
7261, 16775542
7263, -2130708112
7265, -1056966292
7267, 16775536
7269, 16775542
7271, 1090517362
7273, 16775536
7275, 1090517365
7277, 16775548
7279, 16775551
7281, -1056966280
7283, -2130708111
7285, 16775537
7287, -2130708107
7289, -2130708103
7291, 16775545
7293, 16775543
7295, 16775542
7297, -2130708106
7299, 16775542
7301, 16775537
7303, -2130708114
7305, 1090517360
7307, 16775540
7309, -2130708106
7311, -2130708106
7313, -1056966283
7315, -2130708109
7317, -1056966288
7319, -2130708115
7321, -2130708115
7323, -2130708113
7325, 1090517362
7327, 1090517364
7329, -1056966287
7331, -1056966287
7333, 16775539
7335, 1090517361
7337, 1090517359
7339, -1056966289
7341, 16775538
7343, -1056966286
7345, -1056966285
7347, -2130708110
7349, -2130708113
7351, 1090517360
7353, -1056966286
7355, 1090517363
7357, -2130708111
7359, -2130708112
7361, 16775536
7363, 16775537
7365, -1056966286
7367, -2130708110
7369, -2130708110
7371, -2130708108
7373, -2130708109
7375, 16775537
7377, 16775537
7379, -2130708110
7381, 1090517364
7383, 16775545
7385, 16775546
7387, 1090517364
7389, 1090517371
7391, -2130708108
7393, 1090517363
7395, -2130708100
7397, 16775537
7399, -2130708107
7401, -2130708093
7403, -2130708105
7405, -1056966294
7407, 16775535
7409, 1090517356
7411, 1090517357
7413, 16775544
7415, 1090517366
7417, -2130708120
7419, -1056966295
7421, -1056966287
7423, -2130708113
7425, 1090517359
7427, -1056966290
7429, 16775526
7431, -1056966300
7433, -2130708107
7435, -1056966267
7437, 16775552
7439, 1090517369
7441, 16775536
7443, 16775517
7445, -2130708127
7447, 16775543
7449, -2130708101
7451, -2130708111
7453, -1056966293
7455, 1090517353
7457, -1056966288
7459, 1090517373
7461, -2130708100
7463, 1090517356
7465, 16775521
7467, -1056966298
7469, -2130708111
7471, -2130708103
7473, -2130708104
7475, 1090517356
7477, -2130708123
7479, 16775532
7481, 1090517365
7483, -1056966282
7485, -2130708111
7487, -2130708117
7489, -2130708116
7491, 16775540
7493, 16775544
7495, 1090517367
7497, 1090517360
7499, 1090517353
7501, 16775531
7503, -2130708112
7505, 16775540
7507, 1090517361
7509, 1090517357
7511, 16775533
7513, -2130708115
7515, -2130708112
7517, -1056966286
7519, 1090517358
7521, 1090517353
7523, 16775529
7525, -1056966293
7527, 1090517365
7529, -1056966275
7531, -1056966293
7533, -1056966306
7535, -2130708107
7537, 16775549
7539, -1056966291
7541, 16775540
7543, -1056966283
7545, -2130708120
7547, 1090517362
7549, -1056966273
7551, 16775543
7553, -1056966293
7555, 1090517358
7557, 16775538
7559, 16775535
7561, -1056966290
7563, -1056966287
7565, -2130708112
7567, 1090517361
7569, -1056966283
7571, -2130708107
7573, -1056966289
7575, -2130708115
7577, 16775535
7579, 16775535
7581, -1056966287
7583, -1056966283
7585, -1056966283
7587, 16775540
7589, -2130708111
7591, -2130708114
7593, 16775533
7595, 16775536
7597, -1056966287
7599, -1056966289
7601, -2130708116
7603, 1090517355
7605, -2130708117
7607, -1056966292
7609, -1056966291
7611, -2130708115
7613, -1056966291
7615, 1090517357
7617, -2130708115
7619, -2130708113
7621, -2130708111
7623, -1056966288
7625, 1090517358
7627, 1090517356
7629, 1090517356
7631, -2130708113
7633, 16775540
7635, 16775539
7637, -2130708113
7639, 16775534
7641, -2130708114
7643, 1090517359
7645, 16775536
7647, -1056966288
7649, -2130708111
7651, 1090517362
7653, -2130708111
7655, -2130708111
7657, 1090517362
7659, -2130708111
7661, -2130708113
7663, 1090517359
7665, 16775538
7667, -2130708109
7669, 1090517365
7671, 16775543
7673, -2130708107
7675, -2130708109
7677, -1056966285
7679, 16775540
7681, -2130708109
7683, 16775539
7685, -1056966287
7687, -1056966287
7689, -1056966286
7691, 1090517363
7693, -2130708111
7695, 16775535
7697, 1090517359
7699, -2130708112
7701, 16775538
7703, 16775538
7705, 1090517360
7707, -1056966290
7709, 16775534
7711, 1090517359
7713, -2130708110
7715, -1056966285
7717, -2130708110
7719, 16775538
7721, 1090517361
7723, 1090517361
7725, -1056966285
7727, -2130708109
7729, -2130708110
7731, 1090517362
7733, -2130708112
7735, -1056966289
7737, 16775537
7739, -1056966286
7741, -2130708110
7743, -2130708111
7745, -2130708113
7747, 1090517357
7749, 1090517357
7751, -1056966290
7753, -2130708112
7755, -2130708112
7757, -1056966288
7759, -1056966287
7761, 16775537
7763, 16775538
7765, 16775538
7767, -1056966288
7769, 16775538
7771, 1090517362
7773, -2130708111
7775, -1056966287
7777, -2130708112
7779, 1090517360
7781, 1090517361
7783, -2130708112
7785, -1056966290
7787, -1056966291
7789, -2130708115
7791, 1090517357
7793, -2130708115
7795, 16775534
7797, 16775533
7799, 1090517356
7801, -1056966291
7803, -2130708114
7805, 1090517359
7807, 16775538
7809, -1056966284
7811, 1090517365
7813, 1090517365
7815, 1090517365
7817, -1056966285
7819, -2130708109
7821, 16775541
7823, 16775542
7825, 16775541
7827, 1090517364
7829, -1056966284
7831, 16775540
7833, 16775540
7835, 16775540
7837, -2130708109
7839, -2130708109
7841, 16775541
7843, 16775542
7845, -1056966283
7847, 1090517366
7849, -1056966281
7851, -2130708105
7853, -1056966282
7855, 16775543
7857, -2130708106
7859, 1090517366
7861, -2130708106
7863, -1056966283
7865, 1090517365
7867, 1090517365
7869, -2130708108
7871, 1090517363
7873, -1056966285
7875, 16775540
7877, -1056966286
7879, -1056966285
7881, -2130708108
7883, 16775539
7885, 1090517361
7887, 1090517362
7889, 16775539
7891, -1056966287
7893, -2130708110
7895, -1056966286
7897, 16775539
7899, 1090517364
7901, -2130708108
7903, -1056966284
7905, 1090517364
7907, 1090517363
7909, 1090517364
7911, -2130708108
7913, -2130708109
7915, 1090517362
7917, 1090517361
7919, -2130708111
7921, -1056966287
7923, 16775536
7925, -1056966290
7927, -2130708114
7929, 16775534
7931, 1090517358
7933, 16775536
7935, -1056966288
7937, -2130708112
7939, -2130708112
7941, -1056966287
7943, 16775541
7945, -1056966284
7947, -2130708109
7949, -2130708108
7951, 16775541
7953, -1056966284
7955, -1056966284
7957, -1056966285
7959, 16775538
7961, 1090517362
7963, -2130708108
7965, 16775542
7967, -1056966285
7969, -1056966289
7971, 16775533
7973, 1090517358
7975, 16775539
7977, 16775543
7979, -1056966282
7981, 16775539
7983, 16775536
7985, -1056966289
7987, -2130708110
7989, 16775541
7991, 16775539
7993, -1056966287
7995, 16775541
7997, 16775545
7999, -2130708105
